Radar_range,Time.slot0,Time.slot1,Time.slot2,Time.slot3,Time.slot4,Time.slot5,Time.slot6,Time.slot7,Time.slot8,Time.slot9,Time.slot10,Time.slot11,Time.slot12,Time.slot13
0.0,0.0,0.0,0.0,0.0,0.0,0.0,0.0,0.0,0.0,0.0,0.0,0.0,0.0,0.0
0.00641025641025641,0.0,0.0,0.0,0.0,0.0,0.0,0.0,0.0,0.0,0.0,0.0,0.0,0.0,0.0
0.01282051282051282,0.0,0.0,0.0,0.0,0.0,0.0,0.0,0.0,0.0,0.0,0.0,0.0,0.0,0.0
0.019230769230769232,0.0,0.0,0.0,0.0,0.0,0.0,0.0,0.0,0.0,0.0,0.0,0.0,0.0,0.0
0.02564102564102564,0.0,0.0,0.0,0.0,0.0,0.0,0.0,0.0,0.0,0.0,0.0,0.0,0.0,0.0
0.03205128205128205,0.0,0.0,0.0,0.0,0.0,0.0,0.0,0.0,0.0,0.0,0.0,0.0,0.0,0.0
0.038461538461538464,0.0,0.0,0.05,0.0,0.0,0.0,0.0,0.0,0.0,0.0,0.0,0.0,0.0,0.0
0.04487179487179487,0.0,0.0,0.06,0.0,0.0,0.0,0.0,0.0,0.06,0.0,0.0,0.0,0.0,0.0
0.05128205128205128,0.0,0.0,0.11,0.0,0.0,0.0,0.0,0.0,0.11,0.0,0.0,0.0,0.0,0.0
0.057692307692307696,0.0,0.0,0.14,0.0,0.0,0.0,0.0,0.0,0.12,0.0,0.0,0.0,0.0,0.0
0.0641025641025641,0.0,0.0,0.15,0.0,0.0,0.0,0.0,0.0,0.15,0.0,0.0,0.0,0.0,0.0
0.07051282051282051,0.0,0.0,0.17,0.0,0.0,0.0,0.0,0.0,0.18,0.0,0.0,0.0,0.0,0.0
0.07692307692307693,0.0,0.0,0.18,0.0,0.0,0.0,0.0,0.0,0.18,0.0,0.0,0.0,0.0,0.0
0.08333333333333333,0.0,0.0,0.2,0.0,0.0,0.0,0.0,0.0,0.19,0.0,0.0,0.0,0.0,0.0
0.08974358974358974,0.0,0.0,0.21,0.0,0.0,0.0,0.0,0.0,0.2,0.0,0.0,0.0,0.0,0.0
0.09615384615384616,0.0,0.0,0.21,0.0,0.0,0.0,0.0,0.0,0.2,0.0,0.0,0.0,0.0,0.0
0.10256410256410256,0.0,0.0,0.22,0.0,0.0,0.0,0.0,0.0,0.21,0.0,0.0,0.0,0.0,0.0
0.10897435897435898,0.0,0.0,0.25,0.0,0.0,0.0,0.0,0.0,0.23,0.0,0.0,0.0,0.0,0.0
0.11538461538461539,0.0,0.0,0.26,0.0,0.0,0.0,0.0,0.0,0.25,0.0,0.0,0.0,0.0,0.0
0.12179487179487179,0.0,0.0,0.27,0.0,0.0,0.0,0.0,0.0,0.26,0.0,0.0,0.0,0.0,0.0
0.1282051282051282,0.0,0.0,0.29,0.0,0.0,0.0,0.0,0.0,0.26,0.0,0.0,0.0,0.0,0.0
0.1346153846153846,0.0,0.0,0.3,0.0,0.0,0.0,0.0,0.0,0.29,0.0,0.0,0.0,0.0,0.0
0.14102564102564102,0.0,0.0,0.3,0.0,0.0,0.0,0.0,0.0,0.31,0.0,0.0,0.0,0.0,0.0
0.14743589743589744,0.0,0.0,0.31,0.0,0.0,0.0,0.0,0.0,0.31,0.0,0.0,0.0,0.0,0.0
0.15384615384615385,0.0,0.0,0.32,0.0,0.0,0.0,0.0,0.0,0.31,0.0,0.0,0.0,0.0,0.0
0.16025641025641027,0.0,0.0,0.32,0.0,0.0,0.0,0.0,0.0,0.31,0.0,0.0,0.0,0.0,0.0
0.16666666666666666,0.0,0.0,0.33,0.0,0.0,0.0,0.0,0.0,0.32,0.0,0.0,0.0,0.0,0.0
0.17307692307692307,0.0,0.0,0.33,0.0,0.0,0.0,0.0,0.0,0.33,0.0,0.0,0.0,0.0,0.0
0.1794871794871795,0.0,0.0,0.33,0.0,0.0,0.0,0.0,0.0,0.34,0.0,0.0,0.0,0.0,0.0
0.1858974358974359,0.0,0.0,0.35,0.0,0.0,0.0,0.0,0.0,0.32,0.0,0.0,0.0,0.0,0.0
0.19230769230769232,0.0,0.0,0.38,0.0,0.0,0.0,0.0,0.0,0.35,0.0,0.0,0.0,0.0,0.0
0.1987179487179487,0.0,0.0,0.38,0.0,0.0,0.0,0.0,0.0,0.37,0.0,0.0,0.0,0.0,0.0
0.20512820512820512,0.0,0.0,0.38,0.0,0.0,0.0,0.0,0.0,0.4,0.0,0.0,0.0,0.0,0.0
0.21153846153846154,0.0,0.0,0.4,0.0,0.0,0.0,0.0,0.0,0.41,0.0,0.0,0.0,0.0,0.0
0.21794871794871795,0.0,0.0,0.42,0.0,0.0,0.0,0.0,0.0,0.43,0.0,0.0,0.0,0.0,0.0
0.22435897435897437,0.0,0.0,0.42,0.0,0.0,0.0,0.0,0.0,0.39,0.0,0.0,0.0,0.0,0.0
0.23076923076923078,0.0,0.0,0.43,0.0,0.0,0.0,0.0,0.0,0.39,0.0,0.0,0.0,0.0,0.0
0.23717948717948717,0.0,0.0,0.43,0.0,0.0,0.0,0.0,0.0,0.36,0.0,0.0,0.0,0.0,0.0
0.24358974358974358,0.0,0.0,0.45,0.0,0.0,0.0,0.0,0.0,0.36,0.0,0.0,0.0,0.0,0.0
0.25,0.0,0.0,0.46,0.0,0.0,0.0,0.0,0.0,0.35,0.0,0.0,0.0,0.0,0.0
0.2564102564102564,0.0,0.0,0.45,0.0,0.0,0.0,0.0,0.0,0.35,0.0,0.0,0.0,0.0,0.0
0.26282051282051283,0.0,0.0,0.46,0.0,0.0,0.0,0.0,0.0,0.36,0.0,0.0,0.0,0.0,0.0
0.2692307692307692,0.0,0.0,0.46,0.0,0.0,0.0,0.0,0.0,0.37,0.0,0.0,0.0,0.0,0.0
0.27564102564102566,0.0,0.0,0.49,0.0,0.0,0.0,0.0,0.0,0.38,0.0,0.0,0.0,0.0,0.0
0.28205128205128205,0.0,0.0,0.49,0.0,0.0,0.0,0.0,0.0,0.39,0.0,0.0,0.0,0.0,0.0
0.28846153846153844,0.0,0.0,0.49,0.0,0.0,0.0,0.0,0.0,0.4,0.0,0.0,0.0,0.0,0.0
0.2948717948717949,0.0,0.0,0.52,0.0,0.0,0.0,0.0,0.0,0.41,0.0,0.0,0.0,0.0,0.0
0.30128205128205127,0.0,0.0,0.53,0.0,0.0,0.0,0.0,0.0,0.39,0.0,0.0,0.0,0.0,0.0
0.3076923076923077,0.0,0.0,0.55,0.0,0.0,0.0,0.0,0.0,0.4,0.0,0.0,0.0,0.0,0.0
0.3141025641025641,0.0,0.0,0.56,0.0,0.0,0.0,0.0,0.0,0.42,0.0,0.0,0.0,0.0,0.0
0.32051282051282054,0.0,0.0,0.56,0.0,0.0,0.0,0.0,0.0,0.43,0.0,0.0,0.0,0.0,0.0
0.3269230769230769,0.0,0.0,0.57,0.0,0.0,0.0,0.0,0.0,0.42,0.0,0.0,0.0,0.0,0.0
0.3333333333333333,0.0,0.0,0.58,0.0,0.0,0.0,0.0,0.0,0.43,0.0,0.0,0.0,0.0,0.0
0.33974358974358976,0.0,0.0,0.58,0.0,0.0,0.0,0.0,0.0,0.45,0.0,0.0,0.0,0.0,0.0
0.34615384615384615,0.0,0.0,0.57,0.0,0.0,0.0,0.0,0.0,0.46,0.0,0.0,0.0,0.0,0.0
0.3525641025641026,0.0,0.0,0.59,0.0,0.0,0.0,0.0,0.0,0.46,0.0,0.0,0.0,0.0,0.0
0.358974358974359,0.0,0.0,0.59,0.0,0.0,0.0,0.0,0.0,0.52,0.0,0.0,0.0,0.0,0.0
0.36538461538461536,0.0,0.0,0.57,0.0,0.0,0.0,0.0,0.0,0.51,0.0,0.0,0.0,0.0,0.0
0.3717948717948718,0.0,0.0,0.54,0.0,0.0,0.0,0.0,0.0,0.48,0.0,0.0,0.0,0.0,0.0
0.3782051282051282,0.0,0.0,0.49,0.0,0.0,0.0,0.0,0.0,0.48,0.0,0.0,0.0,0.0,0.0
0.38461538461538464,0.0,0.0,0.48,0.0,0.0,0.0,0.0,0.0,0.49,0.0,0.0,0.0,0.0,0.0
0.391025641025641,0.0,0.0,0.49,0.0,0.0,0.0,0.0,0.0,0.48,0.0,0.0,0.0,0.0,0.0
0.3974358974358974,0.0,0.0,0.46,0.0,0.0,0.0,0.0,0.0,0.48,0.0,0.0,0.0,0.0,0.0
0.40384615384615385,0.0,0.0,0.49,0.0,0.0,0.0,0.0,0.0,0.48,0.0,0.0,0.0,0.0,0.0
0.41025641025641024,0.0,0.0,0.35,0.0,0.0,0.0,0.0,0.0,0.49,0.0,0.0,0.0,0.0,0.0
0.4166666666666667,0.0,0.0,0.35,0.0,0.0,0.0,0.0,0.0,0.48,0.0,0.0,0.0,0.0,0.0
0.4230769230769231,0.0,0.0,0.39,0.0,0.0,0.0,0.0,0.0,0.5,0.0,0.0,0.0,0.0,0.0
0.42948717948717946,0.0,0.0,0.43,0.0,0.0,0.0,0.0,0.0,0.51,0.0,0.0,0.0,0.0,0.0
0.4358974358974359,0.0,0.0,0.46,0.0,0.0,0.0,0.0,0.0,0.51,0.0,0.0,0.0,0.0,0.0
0.4423076923076923,0.0,0.0,0.46,0.0,0.0,0.0,0.0,0.0,0.53,0.0,0.0,0.0,0.0,0.0
0.44871794871794873,0.0,0.0,0.46,0.0,0.0,0.0,0.0,0.0,0.54,0.0,0.0,0.0,0.0,0.0
0.4551282051282051,0.0,0.0,0.46,0.0,0.0,0.0,0.0,0.0,0.54,0.0,0.0,0.0,0.0,0.03
0.46153846153846156,0.0,0.0,0.49,0.0,0.0,0.0,0.0,0.0,0.55,0.0,0.0,0.0,0.0,0.05
0.46794871794871795,0.0,0.0,0.47,0.0,0.0,0.0,0.0,0.0,0.56,0.0,0.0,0.0,0.0,0.01
0.47435897435897434,0.0,0.0,0.48,0.0,0.0,0.0,0.0,0.0,0.55,0.0,0.0,0.0,0.0,0.01
0.4807692307692308,0.0,0.0,0.48,0.0,0.0,0.0,0.0,0.0,0.57,0.0,0.0,0.0,0.0,0.0
0.48717948717948717,0.0,0.0,0.48,0.0,0.0,0.0,0.0,0.0,0.59,0.0,0.0,0.0,0.0,0.02
0.4935897435897436,0.0,0.0,0.49,0.0,0.0,0.0,0.0,0.0,0.58,0.0,0.0,0.0,0.0,0.03
0.5,0.0,0.0,0.51,0.0,0.0,0.0,0.0,0.0,0.59,0.0,0.0,0.0,0.0,0.06
0.5064102564102564,0.0,0.0,0.54,0.0,0.0,0.0,0.0,0.0,0.61,0.01,0.0,0.0,0.0,0.06
0.5128205128205128,0.0,0.0,0.54,0.0,0.0,0.0,0.0,0.0,0.61,0.02,0.0,0.0,0.0,0.07
0.5192307692307693,0.0,0.0,0.52,0.0,0.0,0.0,0.0,0.01,0.62,0.02,0.0,0.0,0.0,0.07
0.5256410256410257,0.0,0.0,0.53,0.0,0.0,0.0,0.0,0.04,0.57,0.0,0.0,0.0,0.0,0.09
0.532051282051282,0.0,0.0,0.53,0.0,0.0,0.0,0.0,0.01,0.57,0.0,0.0,0.0,0.0,0.09
0.5384615384615384,0.0,0.0,0.54,0.0,0.0,0.0,0.0,0.01,0.55,0.0,0.0,0.0,0.0,0.1
0.5448717948717948,0.0,0.0,0.5,0.0,0.0,0.0,0.0,0.02,0.54,0.0,0.0,0.0,0.0,0.1
0.5512820512820513,0.0,0.0,0.54,0.0,0.0,0.0,0.0,0.02,0.54,0.01,0.0,0.0,0.0,0.11
0.5576923076923077,0.0,0.0,0.55,0.0,0.0,0.0,0.0,0.02,0.52,0.01,0.0,0.0,0.0,0.12
0.5641025641025641,0.0,0.0,0.55,0.0,0.0,0.0,0.0,0.04,0.5,0.03,0.0,0.0,0.0,0.13
0.5705128205128205,0.0,0.02,0.56,0.02,0.0,0.0,0.0,0.04,0.49,0.03,0.0,0.0,0.0,0.15
0.5769230769230769,0.0,0.03,0.61,0.03,0.0,0.0,0.0,0.1,0.48,0.03,0.0,0.0,0.0,0.17
0.5833333333333334,0.0,0.03,0.63,0.03,0.0,0.0,0.0,0.14,0.49,0.03,0.0,0.0,0.0,0.17
0.5897435897435898,0.0,0.04,0.58,0.03,0.0,0.0,0.0,0.12,0.49,0.03,0.0,0.0,0.0,0.17
0.5961538461538461,0.0,0.04,0.52,0.03,0.0,0.0,0.0,0.11,0.48,0.03,0.0,0.0,0.0,0.15
0.6025641025641025,0.0,0.04,0.48,0.04,0.0,0.0,0.0,0.09,0.47,0.03,0.0,0.0,0.0,0.14
0.6089743589743589,0.0,0.05,0.48,0.04,0.0,0.0,0.0,0.07,0.47,0.03,0.0,0.0,0.0,0.17
0.6153846153846154,0.0,0.06,0.47,0.03,0.0,0.0,0.0,0.07,0.42,0.03,0.0,0.0,0.0,0.17
0.6217948717948718,0.0,0.06,0.46,0.03,0.0,0.0,0.0,0.06,0.4,0.03,0.0,0.0,0.0,0.17
0.6282051282051282,0.0,0.06,0.47,0.02,0.0,0.0,0.0,0.07,0.38,0.06,0.0,0.0,0.0,0.04
0.6346153846153846,0.0,0.07,0.46,0.03,0.0,0.0,0.0,0.09,0.36,0.06,0.0,0.0,0.0,0.19
0.6410256410256411,0.0,0.08,0.46,0.02,0.0,0.0,0.0,0.1,0.25,0.08,0.0,0.0,0.0,0.2
0.6474358974358975,0.0,0.09,0.45,0.03,0.0,0.0,0.0,0.12,0.22,0.07,0.0,0.0,0.0,0.14
0.6538461538461539,0.0,0.11,0.45,0.05,0.0,0.0,0.0,0.15,0.33,0.08,0.0,0.0,0.0,0.16
0.6602564102564102,0.0,0.11,0.44,0.05,0.0,0.0,0.0,0.19,0.32,0.08,0.0,0.0,0.0,0.23
0.6666666666666666,0.0,0.11,0.43,0.08,0.0,0.0,0.0,0.19,0.27,0.1,0.0,0.0,0.0,0.23
0.6730769230769231,0.0,0.12,0.42,0.04,0.0,0.0,0.0,0.19,0.27,0.1,0.0,0.0,0.0,0.23
0.6794871794871795,0.0,0.12,0.43,0.04,0.0,0.0,0.0,0.19,0.27,0.09,0.0,0.0,0.0,0.23
0.6858974358974359,0.0,0.12,0.4,0.04,0.0,0.0,0.0,0.12,0.27,0.1,0.0,0.0,0.0,0.23
0.6923076923076923,0.0,0.12,0.36,0.03,0.0,0.0,0.0,0.11,0.26,0.1,0.0,0.0,0.0,0.14
0.6987179487179487,0.0,0.11,0.33,0.03,0.0,0.0,0.0,0.11,0.22,0.1,0.0,0.0,0.0,0.12
0.7051282051282052,0.0,0.09,0.31,0.01,0.0,0.0,0.0,0.11,0.23,0.1,0.0,0.0,0.0,0.12
0.7115384615384616,0.0,0.12,0.3,0.01,0.0,0.0,0.0,0.11,0.23,0.12,0.0,0.0,0.0,0.12
0.717948717948718,0.0,0.13,0.3,0.06,0.0,0.0,0.0,0.13,0.25,0.12,0.0,0.0,0.0,0.24
0.7243589743589743,0.0,0.13,0.27,0.06,0.0,0.0,0.0,0.14,0.22,0.11,0.0,0.0,0.0,0.25
0.7307692307692307,0.0,0.13,0.27,0.08,0.0,0.0,0.0,0.14,0.25,0.1,0.0,0.0,0.0,0.25
0.7371794871794872,0.0,0.12,0.27,0.08,0.0,0.0,0.0,0.18,0.25,0.11,0.0,0.0,0.0,0.26
0.7435897435897436,0.0,0.12,0.26,0.08,0.0,0.0,0.0,0.18,0.21,0.11,0.0,0.0,0.0,0.27
0.75,0.0,0.11,0.26,0.08,0.0,0.0,0.0,0.18,0.27,0.11,0.0,0.0,0.0,0.26
0.7564102564102564,0.0,0.09,0.29,0.08,0.0,0.0,0.0,0.16,0.38,0.11,0.0,0.0,0.0,0.26
0.7628205128205128,0.0,0.11,0.25,0.07,0.0,0.0,0.0,0.14,0.55,0.11,0.0,0.0,0.0,0.26
0.7692307692307693,0.0,0.1,0.28,0.07,0.0,0.0,0.0,0.16,0.42,0.13,0.0,0.0,0.0,0.26
0.7756410256410257,0.0,0.1,0.34,0.05,0.0,0.0,0.0,0.16,0.42,0.14,0.0,0.0,0.0,0.27
0.782051282051282,0.0,0.1,0.44,0.05,0.0,0.0,0.0,0.17,0.49,0.16,0.0,0.0,0.0,0.28
0.7884615384615384,0.0,0.13,0.53,0.05,0.0,0.0,0.0,0.17,0.6,0.17,0.0,0.0,0.0,0.28
0.7948717948717948,0.0,0.13,0.61,0.04,0.0,0.0,0.0,0.17,0.66,0.19,0.0,0.0,0.0,0.28
0.8012820512820513,0.0,0.15,0.69,0.04,0.0,0.0,0.0,0.2,0.61,0.2,0.0,0.0,0.0,0.29
0.8076923076923077,0.0,0.18,0.77,0.06,0.0,0.0,0.0,0.2,0.64,0.2,0.0,0.0,0.0,0.29
0.8141025641025641,0.0,0.18,0.78,0.06,0.0,0.0,0.0,0.2,0.76,0.21,0.0,0.0,0.0,0.31
0.8205128205128205,0.0,0.18,0.74,0.06,0.0,0.0,0.0,0.2,0.55,0.21,0.0,0.0,0.0,0.36
0.8269230769230769,0.0,0.18,0.77,0.06,0.0,0.0,0.0,0.2,0.48,0.2,0.0,0.0,0.0,0.3
0.8333333333333334,0.0,0.18,0.73,0.07,0.0,0.0,0.0,0.2,0.53,0.2,0.0,0.0,0.0,0.35
0.8397435897435898,0.0,0.25,0.72,0.09,0.0,0.0,0.0,0.18,0.54,0.21,0.0,0.0,0.0,0.35
0.8461538461538461,0.0,0.19,0.72,0.09,0.0,0.0,0.0,0.2,0.5,0.22,0.0,0.0,0.0,0.35
0.8525641025641025,0.0,0.19,0.72,0.11,0.0,0.0,0.0,0.2,0.5,0.22,0.0,0.0,0.0,0.32
0.8589743589743589,0.0,0.19,0.71,0.1,0.0,0.0,0.0,0.2,0.51,0.23,0.0,0.0,0.0,0.3
0.8653846153846154,0.0,0.19,0.74,0.11,0.0,0.0,0.0,0.2,0.45,0.24,0.0,0.0,0.0,0.3
0.8717948717948718,0.0,0.22,0.79,0.11,0.0,0.0,0.0,0.2,0.46,0.25,0.0,0.0,0.0,0.34
0.8782051282051282,0.0,0.23,0.99,0.11,0.0,0.0,0.0,0.18,0.46,0.25,0.0,0.0,0.0,0.33
0.8846153846153846,0.0,0.23,0.93,0.13,0.0,0.0,0.0,0.2,0.46,0.25,0.0,0.0,0.0,0.32
0.8910256410256411,0.0,0.26,0.78,0.14,0.0,0.0,0.0,0.22,0.51,0.25,0.0,0.0,0.0,0.31
0.8974358974358975,0.0,0.28,0.73,0.14,0.0,0.0,0.0,0.25,0.39,0.27,0.0,0.0,0.0,0.33
0.9038461538461539,0.0,0.27,0.73,0.16,0.0,0.0,0.0,0.25,0.37,0.27,0.0,0.0,0.0,0.32
0.9102564102564102,0.0,0.26,0.73,0.17,0.0,0.0,0.0,0.25,0.4,0.27,0.0,0.0,0.0,0.31
0.9166666666666666,0.0,0.26,0.72,0.19,0.0,0.0,0.0,0.24,0.37,0.28,0.0,0.0,0.0,0.3
0.9230769230769231,0.0,0.27,0.74,0.18,0.0,0.0,0.0,0.25,0.42,0.23,0.0,0.0,0.0,0.29
0.9294871794871795,0.0,0.26,0.67,0.18,0.0,0.0,0.0,0.24,0.28,0.21,0.0,0.0,0.0,0.28
0.9358974358974359,0.0,0.25,0.63,0.19,0.0,0.0,0.0,0.22,0.25,0.23,0.0,0.0,0.0,0.29
0.9423076923076923,0.0,0.26,0.51,0.19,0.0,0.0,0.0,0.21,0.17,0.24,0.0,0.0,0.0,0.31
0.9487179487179487,0.0,0.26,0.46,0.21,0.0,0.0,0.0,0.21,0.23,0.24,0.0,0.0,0.0,0.28
0.9551282051282052,0.0,0.26,0.56,0.23,0.0,0.0,0.0,0.24,0.21,0.26,0.0,0.0,0.0,0.31
0.9615384615384616,0.0,0.26,0.54,0.19,0.0,0.0,0.0,0.23,0.3,0.28,0.0,0.0,0.0,0.32
0.967948717948718,0.0,0.25,0.47,0.14,0.0,0.0,0.0,0.23,0.3,0.29,0.0,0.01,0.0,0.32
0.9743589743589743,0.0,0.28,0.44,0.14,0.0,0.0,0.0,0.23,0.26,0.28,0.0,0.01,0.0,0.33
0.9807692307692307,0.0,0.26,0.48,0.14,0.0,0.0,0.04,0.23,0.25,0.28,0.0,0.01,0.0,0.35
0.9871794871794872,0.0,0.26,0.45,0.17,0.0,0.0,0.02,0.23,0.28,0.26,0.0,0.0,0.0,0.36
0.9935897435897436,0.0,0.24,0.34,0.17,0.0,0.0,0.0,0.23,0.33,0.26,0.0,0.0,0.0,0.37
1.0,0.0,0.23,0.48,0.19,0.01,0.0,0.0,0.23,0.26,0.26,0.0,0.0,0.0,0.4
1.0064102564102564,0.0,0.21,0.37,0.2,0.0,0.0,0.0,0.25,0.35,0.28,0.0,0.0,0.0,0.38
1.0128205128205128,0.0,0.19,0.31,0.22,0.0,0.0,0.0,0.25,0.28,0.3,0.0,0.0,0.0,0.32
1.0192307692307692,0.0,0.19,0.13,0.23,0.0,0.0,0.0,0.23,0.24,0.31,0.0,0.0,0.0,0.29
1.0256410256410255,0.0,0.2,0.11,0.24,0.0,0.0,0.0,0.22,0.24,0.31,0.0,0.0,0.0,0.32
1.0320512820512822,0.0,0.21,0.07,0.24,0.0,0.0,0.0,0.24,0.24,0.32,0.0,0.0,0.0,0.34
1.0384615384615385,0.0,0.21,0.05,0.22,0.0,0.0,0.0,0.23,0.29,0.35,0.0,0.0,0.0,0.37
1.044871794871795,0.0,0.21,0.01,0.22,0.01,0.0,0.0,0.24,0.35,0.35,0.0,0.0,0.0,0.31
1.0512820512820513,0.0,0.2,0.03,0.22,0.02,0.0,0.0,0.24,0.22,0.39,0.0,0.0,0.0,0.36
1.0576923076923077,0.0,0.21,0.03,0.23,0.02,0.0,0.0,0.25,0.17,0.39,0.0,0.0,0.0,0.35
1.064102564102564,0.0,0.22,0.02,0.23,0.0,0.0,0.0,0.26,0.17,0.4,0.0,0.0,0.0,0.35
1.0705128205128205,0.0,0.21,0.01,0.26,0.0,0.0,0.08,0.28,0.15,0.41,0.0,0.0,0.0,0.39
1.0769230769230769,0.0,0.16,0.0,0.21,0.0,0.0,0.0,0.28,0.06,0.36,0.0,0.0,0.0,0.35
1.0833333333333333,0.0,0.16,0.03,0.19,0.0,0.0,0.0,0.27,0.05,0.3,0.0,0.0,0.0,0.31
1.0897435897435896,0.0,0.12,0.0,0.2,0.0,0.0,0.0,0.26,0.0,0.3,0.0,0.0,0.0,0.27
1.0961538461538463,0.0,0.11,0.0,0.24,0.0,0.0,0.0,0.26,0.0,0.25,0.0,0.0,0.0,0.26
1.1025641025641026,0.0,0.1,0.0,0.24,0.0,0.0,0.0,0.24,0.0,0.31,0.0,0.0,0.0,0.27
1.108974358974359,0.0,0.13,0.0,0.26,0.0,0.0,0.0,0.26,0.0,0.3,0.0,0.0,0.0,0.25
1.1153846153846154,0.0,0.2,0.0,0.27,0.0,0.0,0.0,0.27,0.0,0.31,0.0,0.0,0.0,0.22
1.1217948717948718,0.0,0.19,0.0,0.27,0.0,0.0,0.0,0.28,0.0,0.31,0.0,0.0,0.0,0.24
1.1282051282051282,0.0,0.22,0.0,0.26,0.0,0.0,0.0,0.27,0.0,0.33,0.0,0.0,0.0,0.23
1.1346153846153846,0.0,0.25,0.03,0.3,0.0,0.0,0.0,0.28,0.02,0.32,0.0,0.0,0.0,0.21
1.141025641025641,0.0,0.25,0.05,0.28,0.0,0.0,0.0,0.27,0.0,0.28,0.0,0.0,0.0,0.21
1.1474358974358974,0.0,0.2,0.01,0.27,0.0,0.0,0.0,0.28,0.0,0.28,0.0,0.0,0.0,0.2
1.1538461538461537,0.0,0.2,0.02,0.28,0.0,0.0,0.0,0.23,0.0,0.25,0.0,0.0,0.0,0.19
1.1602564102564104,0.0,0.22,0.01,0.23,0.0,0.0,0.0,0.21,0.0,0.25,0.0,0.0,0.0,0.19
1.1666666666666667,0.0,0.25,0.0,0.18,0.0,0.0,0.0,0.27,0.0,0.28,0.0,0.0,0.0,0.17
1.1730769230769231,0.0,0.22,0.0,0.17,0.0,0.0,0.0,0.26,0.0,0.27,0.0,0.0,0.0,0.17
1.1794871794871795,0.0,0.18,0.0,0.21,0.0,0.0,0.0,0.27,0.0,0.29,0.0,0.0,0.0,0.17
1.185897435897436,0.0,0.18,0.0,0.2,0.0,0.0,0.0,0.26,0.0,0.26,0.0,0.0,0.0,0.16
1.1923076923076923,0.0,0.18,0.0,0.2,0.0,0.0,0.0,0.28,0.04,0.25,0.0,0.0,0.0,0.19
1.1987179487179487,0.0,0.24,0.0,0.27,0.0,0.0,0.0,0.27,0.05,0.31,0.0,0.0,0.0,0.2
1.205128205128205,0.004,0.25,0.0,0.29,0.0,0.0,0.0,0.29,0.05,0.31,0.0,0.0,0.0,0.2
1.2115384615384615,0.003,0.21,0.0,0.29,0.0,0.0,0.0,0.33,0.0,0.26,0.0,0.0,0.0,0.21
1.2179487179487178,0.0,0.23,0.0,0.28,0.0,0.0,0.0,0.34,0.0,0.21,0.0,0.0,0.0,0.22
1.2243589743589745,0.0,0.21,0.0,0.22,0.0,0.0,0.0,0.33,0.0,0.15,0.0,0.0,0.0,0.25
1.2307692307692308,0.0,0.2,0.0,0.24,0.0,0.0,0.0,0.29,0.0,0.13,0.0,0.0,0.0,0.27
1.2371794871794872,0.0,0.2,0.0,0.19,0.0,0.0,0.0,0.28,0.0,0.28,0.0,0.0,0.0,0.26
1.2435897435897436,0.0,0.19,0.0,0.19,0.0,0.0,0.0,0.28,0.0,0.23,0.0,0.0,0.0,0.27
1.25,0.0,0.18,0.0,0.19,0.0,0.0,0.0,0.29,0.0,0.19,0.0,0.0,0.0,0.28
1.2564102564102564,0.0,0.17,0.0,0.29,0.0,0.0,0.0,0.33,0.03,0.19,0.0,0.0,0.0,0.26
1.2628205128205128,0.0,0.2,0.0,0.29,0.0,0.0,0.0,0.33,0.03,0.17,0.0,0.0,0.0,0.26
1.2692307692307692,0.0,0.19,0.0,0.31,0.03,0.0,0.0,0.35,0.0,0.15,0.0,0.0,0.0,0.26
1.2756410256410255,0.0,0.2,0.04,0.35,0.03,0.0,0.0,0.37,0.07,0.1,0.01,0.0,0.0,0.26
1.2820512820512822,0.0,0.22,0.0,0.35,0.03,0.0,0.0,0.34,0.07,0.05,0.0,0.0,0.0,0.34
1.2884615384615385,0.0,0.24,0.01,0.35,0.0,0.0,0.0,0.31,0.08,0.0,0.0,0.0,0.0,0.41
1.294871794871795,0.0,0.26,0.01,0.28,0.0,0.0,0.0,0.24,0.08,0.06,0.0,0.0,0.0,0.46
1.3012820512820513,0.0,0.24,0.0,0.27,0.0,0.0,0.0,0.27,0.01,0.06,0.0,0.0,0.0,0.47
1.3076923076923077,0.0,0.25,0.0,0.2,0.0,0.0,0.0,0.25,0.0,0.08,0.0,0.0,0.0,0.38
1.314102564102564,0.0,0.25,0.0,0.17,0.0,0.0,0.0,0.25,0.0,0.09,0.0,0.0,0.0,0.36
1.3205128205128205,0.0,0.23,0.0,0.16,0.0,0.0,0.0,0.29,0.0,0.06,0.0,0.0,0.0,0.35
1.3269230769230769,0.0,0.19,0.0,0.13,0.0,0.0,0.0,0.33,0.0,0.1,0.0,0.0,0.0,0.4
1.3333333333333333,0.0,0.2,0.0,0.15,0.0,0.0,0.0,0.36,0.0,0.07,0.0,0.0,0.0,0.43
1.3397435897435896,0.0,0.19,0.0,0.15,0.0,0.0,0.0,0.38,0.0,0.09,0.0,0.0,0.0,0.46
1.3461538461538463,0.0,0.21,0.05,0.2,0.0,0.0,0.0,0.44,0.0,0.04,0.0,0.0,0.0,0.31
1.3525641025641026,0.0,0.2,0.05,0.22,0.0,0.0,0.0,0.45,0.0,0.0,0.0,0.0,0.0,0.25
1.358974358974359,0.0,0.18,0.08,0.22,0.01,0.0,0.0,0.42,0.0,0.06,0.0,0.0,0.02,0.25
1.3653846153846154,0.0,0.2,0.13,0.2,0.0,0.0,0.01,0.42,0.0,0.18,0.0,0.0,0.02,0.22
1.3717948717948718,0.0,0.21,0.05,0.18,0.03,0.0,0.0,0.38,0.0,0.24,0.0,0.0,0.0,0.23
1.3782051282051282,0.0,0.24,0.01,0.16,0.0,0.0,0.0,0.33,0.0,0.2,0.0,0.0,0.0,0.32
1.3846153846153846,0.0,0.22,0.01,0.17,0.0,0.0,0.0,0.33,0.01,0.15,0.0,0.0,0.0,0.31
1.391025641025641,0.0,0.21,0.05,0.15,0.0,0.0,0.0,0.35,0.0,0.13,0.0,0.0,0.0,0.3
1.3974358974358974,0.0,0.18,0.02,0.13,0.0,0.0,0.0,0.36,0.0,0.12,0.0,0.0,0.0,0.31
1.4038461538461537,0.0,0.25,0.0,0.12,0.0,0.0,0.0,0.37,0.0,0.12,0.0,0.0,0.0,0.31
1.4102564102564104,0.0,0.22,0.0,0.11,0.0,0.0,0.0,0.38,0.0,0.11,0.0,0.0,0.0,0.27
1.4166666666666667,0.0,0.24,0.0,0.18,0.0,0.0,0.0,0.34,0.0,0.12,0.0,0.0,0.0,0.28
1.4230769230769231,0.0,0.28,0.0,0.19,0.0,0.0,0.0,0.51,0.05,0.12,0.02,0.0,0.0,0.31
1.4294871794871795,0.0,0.32,0.0,0.17,0.0,0.0,0.0,0.5,0.01,0.1,0.03,0.01,0.0,0.47
1.435897435897436,0.0,0.36,0.01,0.23,0.0,0.0,0.0,0.51,0.06,0.1,0.01,0.01,0.01,0.45
1.4423076923076923,0.0,0.33,0.06,0.25,0.0,0.0,0.0,0.52,0.08,0.17,0.01,0.0,0.02,0.39
1.4487179487179487,0.0,0.32,0.06,0.2,0.0,0.0,0.0,0.48,0.05,0.21,0.0,0.0,0.02,0.39
1.455128205128205,0.0,0.31,0.06,0.18,0.0,0.0,0.0,0.42,0.0,0.19,0.0,0.0,0.0,0.33
1.4615384615384615,0.0,0.31,0.0,0.16,0.0,0.0,0.0,0.41,0.0,0.14,0.0,0.0,0.0,0.3
1.4679487179487178,0.0,0.3,0.0,0.14,0.0,0.0,0.0,0.35,0.0,0.14,0.0,0.0,0.0,0.35
1.4743589743589745,0.0,0.29,0.01,0.14,0.0,0.0,0.0,0.33,0.01,0.09,0.0,0.0,0.0,0.23
1.4807692307692308,0.0,0.27,0.0,0.18,0.0,0.0,0.0,0.33,0.03,0.11,0.0,0.0,0.0,0.22
1.4871794871794872,0.0,0.27,0.0,0.21,0.0,0.0,0.0,0.31,0.06,0.22,0.0,0.0,0.0,0.21
1.4935897435897436,0.0,0.32,0.0,0.2,0.0,0.0,0.0,0.31,0.05,0.26,0.0,0.0,0.0,0.22
1.5,0.0,0.31,0.0,0.23,0.0,0.0,0.0,0.38,0.07,0.25,0.0,0.0,0.0,0.21
1.5064102564102564,0.0,0.31,0.0,0.23,0.0,0.0,0.0,0.36,0.07,0.2,0.0,0.0,0.0,0.22
1.5128205128205128,0.002,0.3,0.0,0.26,0.0,0.0,0.0,0.37,0.07,0.28,0.0,0.0,0.05,0.26
1.5192307692307692,0.0,0.31,0.0,0.26,0.0,0.0,0.0,0.42,0.07,0.32,0.0,0.0,0.0,0.27
1.5256410256410255,0.0,0.29,0.1,0.28,0.0,0.0,0.01,0.37,0.06,0.31,0.0,0.0,0.0,0.24
1.5320512820512822,0.0,0.27,0.08,0.31,0.0,0.0,0.0,0.36,0.05,0.28,0.0,0.0,0.0,0.25
1.5384615384615385,0.0,0.25,0.11,0.22,0.0,0.0,0.0,0.31,0.01,0.25,0.0,0.0,0.0,0.19
1.544871794871795,0.0,0.26,0.04,0.2,0.0,0.0,0.0,0.25,0.01,0.25,0.0,0.0,0.0,0.2
1.5512820512820513,0.0,0.22,0.03,0.19,0.0,0.0,0.0,0.26,0.0,0.21,0.0,0.0,0.0,0.19
1.5576923076923077,0.0,0.21,0.02,0.19,0.0,0.0,0.0,0.27,0.0,0.18,0.0,0.0,0.0,0.18
1.564102564102564,0.0,0.23,0.02,0.18,0.0,0.0,0.0,0.25,0.0,0.19,0.0,0.0,0.0,0.2
1.5705128205128205,0.0,0.2,0.0,0.17,0.0,0.0,0.0,0.25,0.0,0.22,0.0,0.0,0.0,0.23
1.5769230769230769,0.0,0.21,0.0,0.12,0.0,0.0,0.0,0.27,0.0,0.25,0.0,0.0,0.0,0.22
1.5833333333333333,0.0,0.17,0.0,0.16,0.0,0.0,0.0,0.26,0.04,0.21,0.0,0.0,0.0,0.22
1.5897435897435896,0.0,0.18,0.0,0.2,0.0,0.0,0.0,0.26,0.07,0.29,0.0,0.0,0.01,0.21
1.5961538461538463,0.0,0.18,0.0,0.21,0.0,0.0,0.0,0.26,0.0,0.44,0.0,0.0,0.01,0.18
1.6025641025641026,0.0,0.25,0.0,0.23,0.02,0.0,0.0,0.29,0.0,0.37,0.0,0.0,0.0,0.19
1.608974358974359,0.0,0.2,0.0,0.24,0.0,0.0,0.0,0.31,0.0,0.38,0.0,0.0,0.0,0.2
1.6153846153846154,0.0,0.19,0.0,0.2,0.0,0.0,0.0,0.25,0.0,0.37,0.0,0.0,0.0,0.19
1.6217948717948718,0.0,0.22,0.0,0.27,0.0,0.0,0.0,0.23,0.0,0.33,0.0,0.0,0.0,0.18
1.6282051282051282,0.0,0.19,0.0,0.3,0.0,0.0,0.0,0.2,0.0,0.36,0.0,0.0,0.0,0.18
1.6346153846153846,0.0,0.17,0.0,0.32,0.0,0.0,0.0,0.19,0.0,0.29,0.0,0.0,0.0,0.18
1.641025641025641,0.0,0.17,0.0,0.34,0.0,0.0,0.0,0.19,0.0,0.24,0.0,0.0,0.0,0.18
1.6474358974358974,0.0,0.11,0.0,0.32,0.0,0.0,0.0,0.25,0.0,0.28,0.0,0.0,0.0,0.2
1.6538461538461537,0.0,0.12,0.04,0.33,0.0,0.0,0.0,0.29,0.04,0.33,0.02,0.0,0.0,0.23
1.6602564102564104,0.0,0.17,0.09,0.31,0.05,0.0,0.0,0.29,0.09,0.33,0.02,0.0,0.03,0.19
1.6666666666666667,0.0,0.21,0.14,0.24,0.05,0.0,0.13,0.36,0.02,0.3,0.0,0.0,0.03,0.19
1.6730769230769231,0.0,0.24,0.02,0.25,0.02,0.0,0.11,0.36,0.02,0.36,0.0,0.0,0.02,0.2
1.6794871794871795,0.0,0.3,0.0,0.24,0.02,0.0,0.01,0.33,0.0,0.38,0.0,0.0,0.0,0.21
1.685897435897436,0.0,0.24,0.05,0.23,0.02,0.0,0.0,0.27,0.0,0.4,0.0,0.0,0.0,0.2
1.6923076923076923,0.0,0.2,0.0,0.14,0.0,0.0,0.0,0.26,0.0,0.36,0.0,0.0,0.0,0.17
1.6987179487179487,0.0,0.2,0.0,0.12,0.0,0.0,0.0,0.25,0.0,0.34,0.0,0.0,0.0,0.19
1.705128205128205,0.0,0.19,0.0,0.13,0.0,0.0,0.0,0.24,0.0,0.24,0.0,0.0,0.0,0.21
1.7115384615384615,0.0,0.19,0.0,0.11,0.0,0.0,0.0,0.32,0.0,0.22,0.0,0.0,0.0,0.2
1.7179487179487178,0.0,0.19,0.02,0.18,0.0,0.0,0.0,0.27,0.0,0.13,0.0,0.0,0.0,0.21
1.7243589743589745,0.0,0.23,0.0,0.22,0.0,0.0,0.0,0.28,0.0,0.16,0.0,0.0,0.0,0.21
1.7307692307692308,0.0,0.2,0.0,0.33,0.0,0.0,0.0,0.31,0.0,0.15,0.0,0.0,0.0,0.26
1.7371794871794872,0.0,0.25,0.02,0.4,0.0,0.0,0.0,0.3,0.0,0.19,0.0,0.0,0.0,0.24
1.7435897435897436,0.0,0.25,0.02,0.42,0.01,0.0,0.0,0.3,0.0,0.24,0.0,0.0,0.0,0.24
1.75,0.0,0.29,0.01,0.43,0.0,0.0,0.02,0.26,0.0,0.23,0.0,0.0,0.0,0.27
1.7564102564102564,0.0,0.29,0.0,0.27,0.0,0.0,0.0,0.26,0.0,0.2,0.0,0.0,0.0,0.29
1.7628205128205128,0.0,0.26,0.0,0.16,0.0,0.0,0.0,0.3,0.0,0.16,0.0,0.0,0.0,0.26
1.7692307692307692,0.0,0.26,0.0,0.19,0.0,0.0,0.0,0.31,0.0,0.13,0.0,0.0,0.0,0.27
1.7756410256410255,0.0,0.26,0.0,0.17,0.0,0.0,0.0,0.28,0.0,0.18,0.0,0.0,0.0,0.2
1.7820512820512822,0.0,0.26,0.0,0.17,0.0,0.0,0.0,0.28,0.0,0.18,0.0,0.0,0.0,0.2
1.7884615384615385,0.0,0.26,0.0,0.16,0.0,0.0,0.0,0.28,0.0,0.18,0.0,0.0,0.0,0.17
1.794871794871795,0.0,0.25,0.0,0.18,0.0,0.0,0.0,0.29,0.0,0.18,0.0,0.0,0.0,0.19
1.8012820512820513,0.0,0.25,0.0,0.17,0.0,0.0,0.0,0.27,0.0,0.17,0.0,0.0,0.0,0.22
1.8076923076923077,0.001,0.26,0.03,0.13,0.0,0.0,0.0,0.28,0.0,0.18,0.01,0.0,0.0,0.29
1.814102564102564,0.0,0.26,0.03,0.19,0.0,0.0,0.0,0.15,0.0,0.18,0.01,0.0,0.0,0.33
1.8205128205128205,0.003,0.33,0.03,0.16,0.0,0.0,0.0,0.15,0.02,0.18,0.05,0.0,0.0,0.38
1.8269230769230769,0.0,0.39,0.04,0.12,0.0,0.04,0.0,0.1,0.0,0.17,0.01,0.0,0.0,0.31
1.8333333333333333,0.0,0.51,0.03,0.12,0.0,0.0,0.0,0.1,0.0,0.21,0.0,0.0,0.0,0.31
1.8397435897435896,0.0,0.43,0.02,0.16,0.0,0.0,0.0,0.09,0.0,0.14,0.0,0.0,0.0,0.24
1.8461538461538463,0.0,0.34,0.03,0.21,0.0,0.0,0.0,0.11,0.0,0.14,0.0,0.0,0.0,0.28
1.8525641025641026,0.0,0.31,0.08,0.16,0.0,0.0,0.0,0.11,0.03,0.19,0.0,0.0,0.0,0.35
1.858974358974359,0.0,0.26,0.02,0.17,0.0,0.0,0.0,0.13,0.0,0.2,0.0,0.0,0.0,0.34
1.8653846153846154,0.0,0.24,0.0,0.15,0.0,0.0,0.0,0.21,0.05,0.24,0.0,0.0,0.0,0.38
1.8717948717948718,0.0,0.27,0.0,0.19,0.0,0.0,0.0,0.34,0.03,0.34,0.0,0.0,0.0,0.33
1.8782051282051282,0.0,0.27,0.0,0.36,0.0,0.0,0.0,0.39,0.02,0.33,0.0,0.0,0.0,0.31
1.8846153846153846,0.0,0.25,0.0,0.37,0.0,0.0,0.0,0.44,0.0,0.38,0.0,0.0,0.0,0.34
1.891025641025641,0.0,0.24,0.03,0.28,0.0,0.0,0.0,0.38,0.0,0.39,0.0,0.0,0.0,0.31
1.8974358974358974,0.003,0.28,0.09,0.33,0.0,0.0,0.0,0.39,0.0,0.32,0.0,0.0,0.0,0.36
1.9038461538461537,0.0,0.28,0.03,0.34,0.04,0.0,0.0,0.42,0.0,0.41,0.0,0.0,0.0,0.36
1.9102564102564104,0.0,0.22,0.03,0.34,0.0,0.0,0.0,0.45,0.0,0.45,0.0,0.0,0.0,0.35
1.9166666666666667,0.0,0.21,0.01,0.32,0.0,0.0,0.0,0.36,0.0,0.45,0.0,0.0,0.0,0.39
1.9230769230769231,0.0,0.17,0.0,0.16,0.0,0.0,0.0,0.4,0.0,0.43,0.0,0.0,0.0,0.37
1.9294871794871795,0.0,0.17,0.0,0.06,0.0,0.0,0.0,0.34,0.0,0.46,0.0,0.0,0.0,0.28
1.935897435897436,0.0,0.13,0.0,0.08,0.0,0.0,0.0,0.26,0.0,0.4,0.0,0.0,0.0,0.31
1.9423076923076923,0.0,0.2,0.0,0.04,0.0,0.0,0.0,0.25,0.0,0.4,0.0,0.0,0.0,0.26
1.9487179487179487,0.0,0.17,0.0,0.12,0.0,0.0,0.0,0.24,0.0,0.38,0.0,0.0,0.0,0.34
1.955128205128205,0.0,0.27,0.0,0.25,0.0,0.0,0.0,0.24,0.0,0.41,0.0,0.0,0.0,0.46
1.9615384615384615,0.0,0.29,0.0,0.41,0.0,0.0,0.0,0.27,0.0,0.61,0.04,0.0,0.01,0.4
1.9679487179487178,0.0,0.36,0.0,0.38,0.0,0.0,0.0,0.34,0.0,0.7,0.0,0.0,0.03,0.34
1.9743589743589745,0.0,0.55,0.01,0.45,0.0,0.0,0.0,0.4,0.0,0.87,0.03,0.0,0.01,0.36
1.9807692307692308,0.0,0.48,0.0,0.49,0.02,0.0,0.0,0.43,0.0,0.69,0.0,0.02,0.0,0.42
1.9871794871794872,0.0,0.36,0.01,0.48,0.02,0.0,0.0,0.47,0.0,0.72,0.0,0.0,0.0,0.38
1.9935897435897436,0.0,0.32,0.0,0.27,0.02,0.0,0.0,0.51,0.0,0.47,0.0,0.0,0.0,0.45
2.0,0.0,0.29,0.0,0.25,0.0,0.0,0.0,0.52,0.0,0.29,0.0,0.0,0.0,0.39
2.0064102564102564,0.0,0.13,0.0,0.28,0.0,0.0,0.0,0.43,0.0,0.28,0.0,0.0,0.0,0.32
2.0128205128205128,0.0,0.1,0.0,0.26,0.0,0.0,0.0,0.5,0.0,0.27,0.0,0.0,0.0,0.27
2.019230769230769,0.0,0.19,0.0,0.27,0.0,0.0,0.0,0.46,0.0,0.26,0.0,0.0,0.0,0.31
2.0256410256410255,0.0,0.15,0.0,0.24,0.0,0.0,0.0,0.5,0.0,0.32,0.0,0.0,0.01,0.28
2.032051282051282,0.0,0.2,0.0,0.26,0.0,0.0,0.0,0.51,0.0,0.26,0.0,0.0,0.01,0.32
2.0384615384615383,0.0,0.2,0.0,0.19,0.0,0.0,0.01,0.45,0.0,0.27,0.0,0.0,0.01,0.4
2.0448717948717947,0.0,0.35,0.0,0.26,0.0,0.0,0.01,0.41,0.0,0.4,0.0,0.0,0.01,0.45
2.051282051282051,0.002,0.38,0.04,0.26,0.0,0.0,0.01,0.52,0.0,0.39,0.0,0.0,0.0,0.46
2.0576923076923075,0.01,0.4,0.09,0.2,0.0,0.0,0.04,0.49,0.03,0.53,0.0,0.0,0.01,0.5
2.0641025641025643,0.0,0.32,0.0,0.09,0.0,0.0,0.04,0.45,0.01,0.58,0.0,0.0,0.03,0.49
2.0705128205128207,0.0,0.34,0.0,0.12,0.0,0.0,0.06,0.38,0.0,0.57,0.0,0.0,0.03,0.33
2.076923076923077,0.0,0.41,0.0,0.14,0.0,0.0,0.04,0.45,0.0,0.5,0.0,0.0,0.03,0.18
2.0833333333333335,0.0,0.28,0.0,0.15,0.0,0.0,0.05,0.4,0.0,0.29,0.0,0.0,0.03,0.17
2.08974358974359,0.0,0.27,0.0,0.12,0.0,0.0,0.09,0.32,0.0,0.3,0.0,0.0,0.04,0.18
2.0961538461538463,0.0,0.2,0.0,0.26,0.0,0.0,0.1,0.34,0.0,0.16,0.0,0.0,0.03,0.18
2.1025641025641026,0.0,0.24,0.0,0.32,0.0,0.0,0.09,0.43,0.0,0.12,0.0,0.0,0.04,0.15
2.108974358974359,0.0,0.28,0.0,0.31,0.0,0.0,0.1,0.41,0.0,0.16,0.0,0.0,0.04,0.23
2.1153846153846154,0.003,0.31,0.0,0.36,0.0,0.0,0.11,0.48,0.0,0.32,0.0,0.0,0.04,0.24
2.121794871794872,0.0,0.35,0.0,0.37,0.0,0.0,0.1,0.31,0.0,0.3,0.06,0.0,0.05,0.31
2.128205128205128,0.003,0.38,0.0,0.28,0.0,0.0,0.11,0.32,0.0,0.33,0.06,0.0,0.06,0.31
2.1346153846153846,0.003,0.33,0.0,0.25,0.0,0.0,0.13,0.21,0.0,0.49,0.06,0.0,0.11,0.31
2.141025641025641,0.001,0.33,0.0,0.27,0.0,0.0,0.14,0.25,0.0,0.31,0.04,0.0,0.12,0.33
2.1474358974358974,0.0,0.36,0.0,0.22,0.0,0.0,0.14,0.17,0.0,0.41,0.02,0.0,0.1,0.26
2.1538461538461537,0.0,0.38,0.0,0.21,0.0,0.0,0.15,0.19,0.0,0.43,0.0,0.0,0.06,0.19
2.16025641025641,0.0,0.33,0.0,0.24,0.0,0.0,0.15,0.16,0.0,0.34,0.0,0.0,0.06,0.25
2.1666666666666665,0.0,0.27,0.0,0.24,0.0,0.0,0.15,0.16,0.0,0.3,0.0,0.0,0.06,0.27
2.173076923076923,0.0,0.3,0.0,0.28,0.0,0.0,0.14,0.11,0.0,0.35,0.0,0.0,0.04,0.25
2.1794871794871793,0.0,0.33,0.0,0.31,0.0,0.0,0.14,0.18,0.0,0.32,0.0,0.0,0.09,0.24
2.1858974358974357,0.0,0.33,0.0,0.29,0.0,0.0,0.14,0.12,0.0,0.47,0.0,0.0,0.05,0.24
2.1923076923076925,0.0,0.34,0.0,0.36,0.0,0.0,0.14,0.1,0.0,0.31,0.08,0.0,0.1,0.23
2.198717948717949,0.004,0.35,0.0,0.37,0.0,0.0,0.19,0.13,0.0,0.35,0.11,0.0,0.14,0.24
2.2051282051282053,0.0,0.33,0.12,0.4,0.0,0.0,0.18,0.1,0.0,0.35,0.12,0.02,0.13,0.17
2.2115384615384617,0.0,0.35,0.09,0.43,0.0,0.0,0.16,0.1,0.0,0.38,0.12,0.0,0.13,0.2
2.217948717948718,0.003,0.38,0.0,0.4,0.0,0.0,0.18,0.12,0.0,0.43,0.07,0.0,0.12,0.09
2.2243589743589745,0.001,0.36,0.0,0.38,0.0,0.0,0.18,0.1,0.0,0.33,0.03,0.0,0.12,0.03
2.230769230769231,0.001,0.31,0.0,0.3,0.0,0.0,0.18,0.1,0.0,0.3,0.03,0.0,0.13,0.08
2.2371794871794872,0.0,0.29,0.0,0.24,0.0,0.0,0.17,0.09,0.0,0.24,0.04,0.0,0.12,0.02
2.2435897435897436,0.0,0.2,0.0,0.19,0.0,0.0,0.17,0.09,0.0,0.23,0.04,0.0,0.12,0.03
2.25,0.001,0.21,0.0,0.21,0.0,0.0,0.17,0.09,0.0,0.26,0.06,0.0,0.12,0.05
2.2564102564102564,0.004,0.19,0.0,0.19,0.0,0.0,0.18,0.09,0.0,0.22,0.06,0.0,0.12,0.07
2.2628205128205128,0.003,0.24,0.0,0.38,0.0,0.0,0.2,0.11,0.0,0.19,0.06,0.0,0.13,0.1
2.269230769230769,0.004,0.22,0.0,0.38,0.0,0.0,0.2,0.2,0.0,0.19,0.1,0.0,0.13,0.12
2.2756410256410255,0.008,0.28,0.02,0.41,0.0,0.03,0.18,0.15,0.0,0.19,0.12,0.0,0.14,0.13
2.282051282051282,0.006,0.34,0.01,0.47,0.01,0.06,0.2,0.22,0.0,0.21,0.12,0.0,0.22,0.13
2.2884615384615383,0.006,0.39,0.0,0.43,0.04,0.07,0.2,0.19,0.0,0.19,0.1,0.02,0.17,0.23
2.2948717948717947,0.006,0.39,0.0,0.36,0.0,0.0,0.2,0.09,0.0,0.19,0.05,0.0,0.17,0.19
2.301282051282051,0.0,0.36,0.0,0.38,0.0,0.0,0.19,0.08,0.0,0.16,0.05,0.0,0.16,0.19
2.3076923076923075,0.0,0.35,0.0,0.25,0.0,0.0,0.19,0.05,0.0,0.2,0.08,0.0,0.16,0.07
2.3141025641025643,0.0,0.32,0.0,0.22,0.0,0.0,0.14,0.06,0.0,0.06,0.07,0.0,0.17,0.03
2.3205128205128207,0.0,0.28,0.0,0.25,0.0,0.0,0.1,0.02,0.0,0.08,0.08,0.0,0.17,0.03
2.326923076923077,0.005,0.31,0.0,0.32,0.0,0.0,0.11,0.05,0.0,0.05,0.08,0.0,0.16,0.0
2.3333333333333335,0.005,0.24,0.0,0.28,0.0,0.0,0.12,0.05,0.0,0.08,0.11,0.0,0.17,0.09
2.33974358974359,0.006,0.22,0.0,0.3,0.0,0.0,0.13,0.07,0.0,0.01,0.13,0.0,0.17,0.0
2.3461538461538463,0.006,0.31,0.0,0.34,0.0,0.0,0.14,0.08,0.0,0.01,0.13,0.0,0.17,0.0
2.3525641025641026,0.0,0.26,0.0,0.36,0.07,0.0,0.16,0.13,0.0,0.04,0.13,0.02,0.21,0.06
2.358974358974359,0.006,0.33,0.04,0.36,0.06,0.0,0.16,0.12,0.0,0.07,0.15,0.02,0.24,0.09
2.3653846153846154,0.006,0.4,0.03,0.28,0.06,0.0,0.18,0.04,0.0,0.09,0.15,0.02,0.24,0.1
2.371794871794872,0.006,0.22,0.0,0.3,0.03,0.0,0.18,0.04,0.0,0.1,0.15,0.0,0.21,0.06
2.378205128205128,0.006,0.23,0.0,0.19,0.01,0.0,0.18,0.08,0.0,0.03,0.14,0.0,0.21,0.0
2.3846153846153846,0.005,0.2,0.0,0.16,0.0,0.0,0.18,0.08,0.0,0.04,0.15,0.0,0.23,0.0
2.391025641025641,0.004,0.2,0.0,0.1,0.0,0.0,0.13,0.07,0.0,0.06,0.09,0.0,0.19,0.0
2.3974358974358974,0.002,0.1,0.0,0.13,0.0,0.0,0.13,0.1,0.0,0.04,0.1,0.0,0.19,0.0
2.4038461538461537,0.006,0.09,0.0,0.15,0.0,0.0,0.14,0.14,0.0,0.01,0.1,0.0,0.18,0.0
2.41025641025641,0.013000000000000001,0.1,0.0,0.14,0.0,0.0,0.12,0.13,0.0,0.01,0.09,0.0,0.23,0.0
2.4166666666666665,0.013000000000000001,0.12,0.0,0.14,0.0,0.0,0.13,0.15,0.0,0.0,0.09,0.0,0.23,0.0
2.423076923076923,0.013000000000000001,0.04,0.0,0.18,0.0,0.0,0.17,0.19,0.03,0.0,0.15,0.0,0.24,0.03
2.4294871794871793,0.025,0.04,0.0,0.24,0.0,0.0,0.2,0.23,0.03,0.05,0.16,0.0,0.25,0.23
2.4358974358974357,0.021,0.09,0.0,0.27,0.0,0.04,0.2,0.25,0.07,0.08,0.17,0.0,0.26,0.2
2.4423076923076925,0.021,0.12,0.0,0.24,0.0,0.0,0.22,0.26,0.03,0.17,0.18,0.0,0.27,0.24
2.448717948717949,0.021,0.11,0.0,0.2,0.0,0.0,0.18,0.23,0.0,0.04,0.16,0.0,0.26,0.22
2.4551282051282053,0.005,0.09,0.0,0.16,0.0,0.0,0.14,0.23,0.0,0.05,0.15,0.0,0.24,0.22
2.4615384615384617,0.005,0.02,0.0,0.1,0.0,0.0,0.1,0.23,0.0,0.03,0.15,0.0,0.21,0.17
2.467948717948718,0.006,0.05,0.0,0.11,0.0,0.0,0.1,0.2,0.0,0.0,0.15,0.0,0.19,0.0
2.4743589743589745,0.004,0.07,0.0,0.13,0.0,0.0,0.08,0.16,0.0,0.0,0.14,0.0,0.17,0.0
2.480769230769231,0.002,0.0,0.0,0.15,0.0,0.0,0.11,0.1,0.0,0.0,0.12,0.0,0.14,0.0
2.4871794871794872,0.007000000000000001,0.08,0.0,0.08,0.0,0.0,0.13,0.11,0.0,0.0,0.14,0.0,0.15,0.0
2.4935897435897436,0.008,0.06,0.0,0.07,0.0,0.0,0.17,0.13,0.0,0.0,0.14,0.0,0.17,0.06
2.5,0.01,0.04,0.0,0.12,0.0,0.0,0.19,0.15,0.0,0.0,0.18,0.0,0.13,0.06
2.5064102564102564,0.012,0.11,0.0,0.16,0.0,0.0,0.18,0.26,0.06,0.0,0.19,0.0,0.09,0.1
2.5128205128205128,0.005,0.14,0.0,0.13,0.0,0.05,0.2,0.25,0.06,0.04,0.19,0.0,0.14,0.1
2.519230769230769,0.003,0.16,0.0,0.13,0.0,0.0,0.19,0.22,0.04,0.0,0.18,0.0,0.25,0.14
2.5256410256410255,0.0,0.14,0.0,0.14,0.0,0.0,0.16,0.19,0.04,0.0,0.15,0.0,0.18,0.15
2.532051282051282,0.002,0.11,0.0,0.12,0.0,0.0,0.12,0.1,0.0,0.0,0.05,0.01,0.2,0.13
2.5384615384615383,0.0,0.05,0.0,0.13,0.0,0.0,0.08,0.09,0.0,0.0,0.13,0.0,0.18,0.11
2.5448717948717947,0.0,0.11,0.0,0.13,0.0,0.0,0.15,0.03,0.0,0.0,0.04,0.0,0.16,0.05
2.551282051282051,0.0,0.1,0.0,0.11,0.01,0.0,0.2,0.03,0.0,0.0,0.1,0.0,0.16,0.1
2.5576923076923075,0.0,0.09,0.0,0.11,0.01,0.0,0.13,0.0,0.0,0.02,0.12,0.0,0.14,0.1
2.5641025641025643,0.004,0.1,0.0,0.11,0.0,0.0,0.13,0.0,0.0,0.12,0.11,0.0,0.13,0.06
2.5705128205128207,0.005,0.13,0.0,0.11,0.0,0.0,0.2,0.03,0.0,0.14,0.16,0.0,0.13,0.08
2.576923076923077,0.013000000000000001,0.14,0.0,0.11,0.0,0.0,0.22,0.12,0.01,0.2,0.13,0.0,0.13,0.09
2.5833333333333335,0.013000000000000001,0.14,0.0,0.12,0.02,0.0,0.22,0.13,0.01,0.21,0.13,0.0,0.16,0.08
2.58974358974359,0.013000000000000001,0.14,0.0,0.12,0.02,0.03,0.17,0.1,0.0,0.29,0.13,0.0,0.1,0.1
2.5961538461538463,0.019000000000000003,0.05,0.0,0.11,0.05,0.0,0.22,0.17,0.0,0.2,0.14,0.01,0.02,0.13
2.6025641025641026,0.017,0.0,0.0,0.14,0.04,0.0,0.18,0.08,0.0,0.26,0.13,0.0,0.01,0.15
2.608974358974359,0.016,0.0,0.0,0.14,0.03,0.0,0.15,0.05,0.0,0.2,0.08,0.0,0.1,0.07
2.6153846153846154,0.014000000000000002,0.0,0.0,0.14,0.03,0.0,0.17,0.1,0.0,0.2,0.1,0.0,0.17,0.04
2.621794871794872,0.012,0.0,0.0,0.14,0.01,0.0,0.15,0.08,0.0,0.19,0.1,0.0,0.16,0.02
2.628205128205128,0.006,0.0,0.0,0.13,0.01,0.0,0.11,0.0,0.0,0.11,0.09,0.0,0.16,0.07
2.6346153846153846,0.01,0.0,0.0,0.11,0.0,0.0,0.11,0.0,0.0,0.09,0.09,0.0,0.19,0.04
2.641025641025641,0.013000000000000001,0.0,0.0,0.14,0.01,0.0,0.11,0.0,0.0,0.11,0.1,0.0,0.18,0.04
2.6474358974358974,0.013000000000000001,0.0,0.0,0.11,0.01,0.0,0.11,0.0,0.0,0.13,0.09,0.0,0.21,0.1
2.6538461538461537,0.018000000000000002,0.0,0.0,0.17,0.02,0.0,0.19,0.04,0.0,0.19,0.09,0.0,0.25,0.11
2.66025641025641,0.018000000000000002,0.0,0.0,0.17,0.05,0.0,0.15,0.06,0.0,0.12,0.07,0.0,0.3,0.04
2.6666666666666665,0.013000000000000001,0.03,0.0,0.19,0.05,0.0,0.17,0.09,0.0,0.19,0.09,0.02,0.28,0.07
2.673076923076923,0.013000000000000001,0.05,0.0,0.14,0.06,0.0,0.29,0.07,0.0,0.23,0.16,0.02,0.44,0.09
2.6794871794871793,0.014000000000000002,0.01,0.0,0.09,0.06,0.0,0.26,0.09,0.0,0.26,0.06,0.02,0.31,0.01
2.6858974358974357,0.012,0.01,0.0,0.06,0.06,0.0,0.13,0.16,0.0,0.12,0.0,0.0,0.31,0.01
2.6923076923076925,0.01,0.02,0.0,0.05,0.06,0.0,0.08,0.16,0.0,0.14,0.0,0.0,0.26,0.01
2.698717948717949,0.01,0.02,0.0,0.05,0.06,0.0,0.07,0.17,0.0,0.15,0.04,0.0,0.2,0.0
2.7051282051282053,0.01,0.02,0.0,0.05,0.07,0.0,0.12,0.18,0.0,0.1,0.05,0.0,0.2,0.0
2.7115384615384617,0.007000000000000001,0.02,0.0,0.12,0.07,0.0,0.08,0.13,0.0,0.08,0.05,0.0,0.2,0.0
2.717948717948718,0.0,0.06,0.0,0.17,0.08,0.0,0.11,0.15,0.0,0.06,0.08,0.0,0.21,0.0
2.7243589743589745,0.018000000000000002,0.09,0.0,0.26,0.11,0.0,0.07,0.15,0.0,0.01,0.01,0.0,0.24,0.02
2.730769230769231,0.014000000000000002,0.09,0.0,0.31,0.12,0.0,0.07,0.15,0.0,0.01,0.01,0.0,0.3,0.02
2.7371794871794872,0.014000000000000002,0.09,0.0,0.35,0.12,0.0,0.1,0.18,0.0,0.0,0.12,0.0,0.3,0.02
2.7435897435897436,0.023000000000000003,0.13,0.03,0.47,0.12,0.0,0.11,0.21,0.0,0.0,0.11,0.0,0.23,0.02
2.75,0.017,0.04,0.0,0.49,0.11,0.0,0.19,0.22,0.0,0.02,0.13,0.0,0.21,0.05
2.7564102564102564,0.017,0.05,0.0,0.44,0.11,0.0,0.2,0.2,0.0,0.0,0.09,0.0,0.22,0.06
2.7628205128205128,0.017,0.05,0.0,0.31,0.13,0.0,0.12,0.2,0.0,0.0,0.1,0.0,0.23,0.02
2.769230769230769,0.005,0.0,0.0,0.16,0.07,0.0,0.14,0.18,0.0,0.0,0.12,0.0,0.2,0.0
2.7756410256410255,0.004,0.0,0.0,0.1,0.04,0.0,0.15,0.19,0.0,0.0,0.12,0.0,0.17,0.0
2.782051282051282,0.0,0.0,0.0,0.09,0.04,0.0,0.09,0.17,0.0,0.0,0.11,0.0,0.16,0.0
2.7884615384615383,0.0,0.0,0.0,0.09,0.03,0.0,0.08,0.14,0.0,0.06,0.12,0.0,0.17,0.0
2.7948717948717947,0.0,0.0,0.0,0.12,0.12,0.0,0.05,0.14,0.0,0.06,0.09,0.0,0.16,0.0
2.801282051282051,0.003,0.0,0.0,0.1,0.12,0.0,0.05,0.14,0.0,0.07,0.09,0.0,0.16,0.01
2.8076923076923075,0.015,0.02,0.05,0.18,0.07,0.0,0.08,0.27,0.0,0.11,0.17,0.0,0.2,0.03
2.8141025641025643,0.021,0.1,0.0,0.25,0.09,0.0,0.12,0.26,0.01,0.11,0.27,0.0,0.2,0.0
2.8205128205128207,0.01,0.1,0.06,0.18,0.09,0.0,0.13,0.29,0.01,0.13,0.2,0.0,0.26,0.01
2.826923076923077,0.016,0.1,0.01,0.14,0.05,0.0,0.13,0.19,0.0,0.13,0.19,0.0,0.18,0.05
2.8333333333333335,0.008,0.09,0.0,0.14,0.05,0.0,0.18,0.11,0.0,0.11,0.26,0.0,0.14,0.02
2.83974358974359,0.014000000000000002,0.07,0.0,0.1,0.0,0.0,0.23,0.08,0.0,0.12,0.26,0.0,0.13,0.02
2.8461538461538463,0.011000000000000001,0.08,0.0,0.09,0.0,0.0,0.2,0.1,0.0,0.11,0.24,0.0,0.09,0.0
2.8525641025641026,0.002,0.0,0.0,0.05,0.04,0.0,0.17,0.11,0.0,0.1,0.2,0.0,0.03,0.0
2.858974358974359,0.0,0.02,0.0,0.0,0.05,0.0,0.12,0.13,0.0,0.12,0.2,0.0,0.05,0.0
2.8653846153846154,0.0,0.02,0.0,0.0,0.0,0.0,0.13,0.13,0.0,0.13,0.2,0.0,0.08,0.0
2.871794871794872,0.012,0.06,0.0,0.0,0.0,0.0,0.11,0.11,0.0,0.09,0.23,0.0,0.14,0.02
2.878205128205128,0.0,0.07,0.0,0.0,0.01,0.0,0.13,0.06,0.0,0.03,0.2,0.0,0.17,0.08
2.8846153846153846,0.0,0.03,0.0,0.04,0.03,0.0,0.11,0.0,0.0,0.13,0.18,0.0,0.19,0.08
2.891025641025641,0.001,0.08,0.0,0.21,0.06,0.0,0.12,0.04,0.0,0.1,0.14,0.0,0.28,0.07
2.8974358974358974,0.011000000000000001,0.12,0.0,0.16,0.08,0.0,0.19,0.0,0.0,0.13,0.19,0.0,0.25,0.12
2.9038461538461537,0.004,0.13,0.0,0.12,0.15,0.0,0.23,0.01,0.0,0.13,0.16,0.0,0.26,0.09
2.91025641025641,0.007000000000000001,0.1,0.0,0.06,0.09,0.0,0.23,0.0,0.0,0.13,0.18,0.0,0.24,0.05
2.9166666666666665,0.014000000000000002,0.1,0.0,0.07,0.08,0.0,0.16,0.0,0.0,0.1,0.17,0.0,0.19,0.05
2.923076923076923,0.004,0.1,0.0,0.02,0.07,0.0,0.09,0.0,0.0,0.08,0.11,0.0,0.18,0.05
2.9294871794871793,0.005,0.08,0.0,0.0,0.06,0.0,0.15,0.0,0.0,0.07,0.19,0.0,0.16,0.06
2.9358974358974357,0.008,0.03,0.0,0.0,0.04,0.0,0.15,0.0,0.0,0.08,0.17,0.0,0.08,0.04
2.9423076923076925,0.007000000000000001,0.0,0.0,0.0,0.07,0.0,0.19,0.0,0.0,0.06,0.16,0.0,0.12,0.0
2.948717948717949,0.01,0.0,0.0,0.0,0.07,0.0,0.17,0.0,0.0,0.06,0.18,0.0,0.06,0.0
2.9551282051282053,0.016,0.0,0.0,0.04,0.1,0.0,0.35,0.02,0.0,0.06,0.25,0.0,0.12,0.0
2.9615384615384617,0.018000000000000002,0.0,0.0,0.13,0.04,0.0,0.41,0.0,0.0,0.06,0.26,0.0,0.13,0.0
2.967948717948718,0.024,0.0,0.0,0.12,0.06,0.0,0.43,0.06,0.0,0.01,0.28,0.0,0.16,0.0
2.9743589743589745,0.025,0.0,0.0,0.12,0.12,0.0,0.42,0.01,0.02,0.01,0.33,0.02,0.17,0.0
2.980769230769231,0.032,0.0,0.0,0.11,0.13,0.0,0.42,0.01,0.03,0.05,0.38,0.02,0.13,0.0
2.9871794871794872,0.017,0.01,0.0,0.05,0.15,0.0,0.35,0.06,0.0,0.05,0.44,0.0,0.15,0.0
2.9935897435897436,0.0,0.01,0.0,0.0,0.15,0.0,0.33,0.03,0.0,0.03,0.37,0.0,0.18,0.02
3.0,0.0,0.0,0.0,0.0,0.08,0.0,0.25,0.03,0.0,0.03,0.21,0.0,0.12,0.02
3.0064102564102564,0.005,0.0,0.0,0.0,0.0,0.0,0.22,0.0,0.0,0.03,0.19,0.0,0.09,0.0
3.0128205128205128,0.006,0.0,0.0,0.0,0.0,0.0,0.24,0.0,0.0,0.05,0.18,0.0,0.08,0.0
3.019230769230769,0.009000000000000001,0.0,0.0,0.0,0.0,0.0,0.14,0.0,0.0,0.01,0.2,0.0,0.07,0.0
3.0256410256410255,0.019000000000000003,0.0,0.0,0.04,0.0,0.0,0.14,0.0,0.0,0.01,0.22,0.0,0.17,0.0
3.032051282051282,0.028000000000000004,0.0,0.0,0.0,0.0,0.0,0.14,0.0,0.0,0.0,0.28,0.0,0.18,0.0
3.0384615384615383,0.017,0.0,0.0,0.01,0.07,0.0,0.15,0.0,0.0,0.01,0.26,0.0,0.24,0.0
3.0448717948717947,0.008,0.04,0.0,0.04,0.03,0.0,0.29,0.01,0.0,0.01,0.31,0.0,0.33,0.0
3.051282051282051,0.016,0.04,0.0,0.14,0.07,0.0,0.34,0.01,0.03,0.02,0.28,0.0,0.33,0.0
3.0576923076923075,0.021,0.04,0.0,0.1,0.13,0.0,0.37,0.05,0.08,0.01,0.29,0.0,0.29,0.0
3.0641025641025643,0.008,0.0,0.0,0.07,0.11,0.0,0.38,0.0,0.05,0.03,0.28,0.0,0.34,0.0
3.0705128205128207,0.005,0.0,0.0,0.03,0.0,0.0,0.4,0.0,0.0,0.03,0.27,0.0,0.32,0.0
3.076923076923077,0.0,0.0,0.0,0.0,0.0,0.0,0.29,0.0,0.0,0.01,0.17,0.0,0.32,0.0
3.0833333333333335,0.0,0.0,0.0,0.06,0.0,0.0,0.29,0.0,0.0,0.0,0.16,0.0,0.3,0.0
3.08974358974359,0.0,0.0,0.0,0.0,0.0,0.0,0.32,0.0,0.0,0.0,0.1,0.0,0.17,0.0
3.0961538461538463,0.003,0.0,0.0,0.0,0.0,0.0,0.28,0.0,0.0,0.0,0.14,0.0,0.22,0.0
3.1025641025641026,0.01,0.0,0.0,0.06,0.0,0.0,0.24,0.0,0.0,0.0,0.12,0.0,0.27,0.0
3.108974358974359,0.013000000000000001,0.0,0.0,0.03,0.0,0.0,0.22,0.0,0.0,0.0,0.09,0.0,0.26,0.0
3.1153846153846154,0.016,0.0,0.0,0.04,0.09,0.0,0.29,0.0,0.0,0.0,0.15,0.0,0.29,0.02
3.121794871794872,0.021,0.0,0.0,0.17,0.1,0.0,0.3,0.01,0.0,0.01,0.26,0.0,0.31,0.02
3.128205128205128,0.007000000000000001,0.04,0.0,0.2,0.11,0.04,0.34,0.0,0.0,0.01,0.26,0.02,0.31,0.0
3.1346153846153846,0.006,0.06,0.0,0.14,0.02,0.0,0.4,0.0,0.0,0.01,0.18,0.0,0.41,0.02
3.141025641025641,0.0,0.03,0.0,0.08,0.01,0.0,0.44,0.0,0.0,0.01,0.22,0.03,0.34,0.02
3.1474358974358974,0.0,0.0,0.0,0.09,0.01,0.0,0.39,0.0,0.0,0.03,0.25,0.0,0.29,0.0
3.1538461538461537,0.0,0.0,0.0,0.09,0.0,0.0,0.35,0.0,0.0,0.01,0.12,0.0,0.18,0.0
3.16025641025641,0.0,0.0,0.0,0.11,0.04,0.0,0.22,0.0,0.0,0.0,0.16,0.0,0.16,0.0
3.1666666666666665,0.0,0.0,0.0,0.13,0.03,0.0,0.17,0.0,0.0,0.0,0.12,0.0,0.14,0.0
3.173076923076923,0.0,0.0,0.0,0.13,0.1,0.0,0.06,0.0,0.0,0.0,0.16,0.0,0.11,0.0
3.1794871794871793,0.0,0.0,0.0,0.18,0.12,0.0,0.18,0.0,0.0,0.0,0.13,0.0,0.06,0.0
3.1858974358974357,0.0,0.0,0.0,0.21,0.14,0.0,0.29,0.0,0.0,0.0,0.17,0.0,0.0,0.0
3.1923076923076925,0.008,0.0,0.0,0.21,0.17,0.0,0.27,0.0,0.0,0.0,0.14,0.0,0.0,0.0
3.198717948717949,0.007000000000000001,0.0,0.0,0.34,0.21,0.0,0.34,0.02,0.0,0.0,0.05,0.0,0.04,0.03
3.2051282051282053,0.011000000000000001,0.0,0.03,0.34,0.3,0.0,0.36,0.01,0.0,0.0,0.13,0.0,0.26,0.03
3.2115384615384617,0.003,0.0,0.0,0.24,0.39,0.0,0.28,0.01,0.01,0.0,0.17,0.0,0.12,0.01
3.217948717948718,0.001,0.0,0.0,0.14,0.31,0.0,0.34,0.01,0.0,0.0,0.22,0.0,0.05,0.01
3.2243589743589745,0.0,0.0,0.0,0.13,0.3,0.0,0.1,0.0,0.0,0.0,0.14,0.0,0.1,0.0
3.230769230769231,0.002,0.0,0.0,0.1,0.13,0.0,0.05,0.0,0.0,0.0,0.11,0.0,0.04,0.01
3.2371794871794872,0.001,0.0,0.0,0.1,0.06,0.0,0.04,0.0,0.0,0.0,0.1,0.0,0.05,0.0
3.2435897435897436,0.006,0.0,0.0,0.05,0.07,0.0,0.01,0.0,0.0,0.0,0.1,0.0,0.0,0.0
3.25,0.013000000000000001,0.01,0.0,0.03,0.07,0.0,0.06,0.0,0.0,0.0,0.11,0.0,0.02,0.0
3.2564102564102564,0.014000000000000002,0.0,0.0,0.02,0.04,0.0,0.12,0.0,0.0,0.0,0.15,0.0,0.05,0.0
3.2628205128205128,0.017,0.0,0.0,0.02,0.1,0.0,0.11,0.0,0.0,0.0,0.08,0.0,0.13,0.0
3.269230769230769,0.012,0.0,0.0,0.06,0.13,0.0,0.06,0.01,0.0,0.0,0.19,0.0,0.16,0.0
3.2756410256410255,0.017,0.0,0.03,0.07,0.18,0.0,0.08,0.08,0.0,0.0,0.18,0.02,0.39,0.01
3.282051282051282,0.025,0.0,0.05,0.13,0.24,0.0,0.15,0.01,0.01,0.0,0.18,0.0,0.4,0.03
3.2884615384615383,0.025,0.02,0.08,0.04,0.28,0.0,0.28,0.01,0.0,0.0,0.28,0.0,0.34,0.02
3.2948717948717947,0.024,0.0,0.03,0.05,0.26,0.0,0.38,0.0,0.0,0.0,0.33,0.0,0.17,0.01
3.301282051282051,0.019000000000000003,0.0,0.01,0.03,0.27,0.0,0.46,0.0,0.0,0.0,0.22,0.0,0.13,0.0
3.3076923076923075,0.017,0.0,0.0,0.01,0.13,0.0,0.39,0.0,0.0,0.0,0.21,0.0,0.13,0.0
3.3141025641025643,0.023000000000000003,0.0,0.0,0.01,0.13,0.0,0.25,0.0,0.0,0.0,0.22,0.0,0.07,0.0
3.3205128205128207,0.028000000000000004,0.0,0.0,0.11,0.01,0.0,0.27,0.0,0.0,0.0,0.22,0.0,0.08,0.0
3.326923076923077,0.024,0.0,0.0,0.14,0.0,0.0,0.23,0.0,0.0,0.0,0.19,0.0,0.04,0.0
3.3333333333333335,0.009000000000000001,0.0,0.0,0.11,0.0,0.0,0.21,0.0,0.0,0.0,0.19,0.0,0.04,0.0
3.33974358974359,0.007000000000000001,0.0,0.0,0.14,0.0,0.0,0.16,0.05,0.0,0.0,0.19,0.0,0.1,0.0
3.3461538461538463,0.018000000000000002,0.0,0.0,0.2,0.0,0.0,0.21,0.08,0.0,0.0,0.27,0.0,0.06,0.0
3.3525641025641026,0.03,0.0,0.0,0.19,0.0,0.0,0.13,0.11,0.01,0.0,0.34,0.0,0.09,0.0
3.358974358974359,0.049,0.01,0.0,0.22,0.0,0.0,0.18,0.15,0.0,0.0,0.37,0.0,0.25,0.0
3.3653846153846154,0.049,0.01,0.02,0.2,0.0,0.0,0.34,0.2,0.0,0.0,0.41,0.08,0.36,0.0
3.371794871794872,0.034,0.0,0.02,0.05,0.0,0.0,0.35,0.02,0.0,0.0,0.28,0.0,0.24,0.0
3.378205128205128,0.034999999999999996,0.0,0.0,0.01,0.0,0.0,0.31,0.0,0.0,0.0,0.12,0.0,0.17,0.0
3.3846153846153846,0.030999999999999996,0.0,0.0,0.0,0.02,0.0,0.18,0.0,0.0,0.0,0.17,0.0,0.01,0.0
3.391025641025641,0.027000000000000003,0.0,0.0,0.0,0.0,0.0,0.12,0.01,0.0,0.0,0.18,0.0,0.04,0.0
3.3974358974358974,0.006,0.0,0.0,0.0,0.0,0.0,0.15,0.0,0.0,0.0,0.08,0.0,0.07,0.0
3.4038461538461537,0.014000000000000002,0.0,0.0,0.0,0.0,0.0,0.11,0.0,0.0,0.0,0.18,0.0,0.06,0.0
3.41025641025641,0.019000000000000003,0.0,0.0,0.02,0.0,0.0,0.14,0.0,0.0,0.0,0.26,0.0,0.07,0.0
3.4166666666666665,0.024,0.0,0.0,0.04,0.0,0.0,0.15,0.0,0.0,0.0,0.33,0.0,0.13,0.0
3.423076923076923,0.03,0.0,0.0,0.04,0.0,0.0,0.13,0.0,0.0,0.0,0.31,0.0,0.13,0.0
3.4294871794871793,0.018000000000000002,0.0,0.0,0.06,0.0,0.0,0.13,0.02,0.0,0.0,0.23,0.0,0.24,0.0
3.4358974358974357,0.042,0.0,0.0,0.08,0.0,0.0,0.14,0.03,0.02,0.0,0.16,0.0,0.12,0.0
3.4423076923076925,0.038000000000000006,0.0,0.01,0.11,0.01,0.0,0.16,0.02,0.02,0.0,0.18,0.0,0.1,0.02
3.448717948717949,0.02,0.0,0.0,0.05,0.03,0.0,0.16,0.0,0.0,0.0,0.19,0.0,0.16,0.04
3.4551282051282053,0.022000000000000002,0.0,0.0,0.04,0.13,0.0,0.19,0.0,0.0,0.03,0.24,0.0,0.15,0.0
3.4615384615384617,0.015,0.0,0.0,0.03,0.1,0.0,0.17,0.0,0.0,0.0,0.25,0.0,0.18,0.0
3.467948717948718,0.014000000000000002,0.0,0.0,0.0,0.08,0.0,0.13,0.0,0.0,0.0,0.25,0.0,0.04,0.0
3.4743589743589745,0.015,0.0,0.0,0.0,0.05,0.0,0.15,0.0,0.0,0.0,0.26,0.0,0.0,0.0
3.480769230769231,0.015,0.0,0.0,0.0,0.04,0.0,0.12,0.0,0.0,0.0,0.27,0.0,0.05,0.0
3.4871794871794872,0.027000000000000003,0.0,0.0,0.0,0.11,0.0,0.17,0.0,0.0,0.0,0.32,0.0,0.04,0.0
3.4935897435897436,0.030999999999999996,0.0,0.0,0.0,0.1,0.0,0.27,0.0,0.0,0.0,0.19,0.0,0.05,0.0
3.5,0.040999999999999995,0.0,0.01,0.0,0.1,0.0,0.26,0.02,0.0,0.0,0.21,0.0,0.06,0.0
3.5064102564102564,0.040999999999999995,0.0,0.02,0.0,0.17,0.02,0.25,0.01,0.0,0.0,0.2,0.0,0.19,0.07
3.5128205128205128,0.043,0.0,0.04,0.11,0.17,0.02,0.21,0.01,0.0,0.0,0.2,0.0,0.21,0.1
3.519230769230769,0.048,0.0,0.0,0.0,0.19,0.0,0.3,0.0,0.0,0.0,0.15,0.0,0.27,0.13
3.5256410256410255,0.033,0.0,0.0,0.0,0.21,0.0,0.26,0.0,0.0,0.0,0.18,0.0,0.22,0.08
3.532051282051282,0.037,0.0,0.0,0.0,0.2,0.0,0.26,0.0,0.0,0.0,0.09,0.0,0.21,0.0
3.5384615384615383,0.034999999999999996,0.0,0.0,0.0,0.15,0.0,0.16,0.0,0.0,0.0,0.09,0.0,0.06,0.0
3.5448717948717947,0.026000000000000002,0.0,0.0,0.0,0.09,0.0,0.08,0.0,0.0,0.0,0.04,0.0,0.0,0.0
3.551282051282051,0.022000000000000002,0.0,0.0,0.0,0.15,0.0,0.08,0.0,0.0,0.0,0.04,0.0,0.04,0.0
3.5576923076923075,0.022000000000000002,0.0,0.0,0.0,0.1,0.0,0.0,0.0,0.0,0.0,0.0,0.0,0.04,0.0
3.5641025641025643,0.024,0.0,0.0,0.03,0.12,0.0,0.02,0.0,0.0,0.0,0.03,0.0,0.0,0.0
3.5705128205128207,0.023000000000000003,0.0,0.0,0.06,0.1,0.0,0.11,0.0,0.0,0.0,0.09,0.0,0.0,0.0
3.576923076923077,0.034,0.0,0.0,0.12,0.15,0.0,0.2,0.01,0.0,0.0,0.13,0.0,0.02,0.0
3.5833333333333335,0.037,0.0,0.0,0.12,0.16,0.0,0.18,0.02,0.0,0.02,0.14,0.03,0.13,0.0
3.58974358974359,0.039,0.0,0.02,0.15,0.25,0.0,0.15,0.01,0.05,0.01,0.07,0.03,0.14,0.04
3.5961538461538463,0.034999999999999996,0.0,0.03,0.1,0.28,0.0,0.05,0.0,0.04,0.01,0.1,0.0,0.15,0.02
3.6025641025641026,0.036000000000000004,0.0,0.0,0.0,0.27,0.0,0.07,0.0,0.0,0.0,0.05,0.0,0.13,0.0
3.608974358974359,0.034999999999999996,0.0,0.0,0.0,0.25,0.0,0.05,0.0,0.0,0.0,0.03,0.0,0.07,0.0
3.6153846153846154,0.030999999999999996,0.0,0.0,0.0,0.28,0.0,0.0,0.0,0.0,0.0,0.0,0.0,0.05,0.0
3.621794871794872,0.034,0.0,0.0,0.0,0.12,0.0,0.0,0.0,0.0,0.0,0.01,0.0,0.02,0.0
3.628205128205128,0.028999999999999995,0.0,0.0,0.0,0.22,0.0,0.0,0.0,0.0,0.0,0.07,0.0,0.04,0.0
3.6346153846153846,0.025,0.0,0.0,0.0,0.2,0.0,0.0,0.0,0.0,0.0,0.02,0.0,0.0,0.0
3.641025641025641,0.033,0.0,0.0,0.0,0.22,0.0,0.0,0.0,0.0,0.0,0.1,0.0,0.0,0.0
3.6474358974358974,0.033,0.0,0.0,0.08,0.14,0.0,0.0,0.0,0.0,0.0,0.12,0.0,0.0,0.0
3.6538461538461537,0.034999999999999996,0.0,0.0,0.07,0.18,0.0,0.0,0.0,0.0,0.0,0.16,0.0,0.21,0.0
3.66025641025641,0.030999999999999996,0.0,0.0,0.04,0.2,0.0,0.0,0.0,0.0,0.0,0.15,0.02,0.18,0.0
3.6666666666666665,0.039,0.0,0.0,0.01,0.19,0.0,0.0,0.0,0.0,0.0,0.15,0.02,0.14,0.0
3.673076923076923,0.042,0.0,0.0,0.0,0.24,0.0,0.0,0.0,0.0,0.0,0.08,0.02,0.19,0.01
3.6794871794871793,0.042,0.0,0.0,0.0,0.24,0.0,0.02,0.01,0.0,0.0,0.03,0.04,0.16,0.0
3.6858974358974357,0.028000000000000004,0.0,0.0,0.0,0.24,0.0,0.09,0.06,0.0,0.0,0.0,0.04,0.18,0.0
3.6923076923076925,0.022000000000000002,0.0,0.0,0.0,0.18,0.0,0.11,0.02,0.0,0.0,0.0,0.04,0.13,0.0
3.698717948717949,0.017,0.0,0.0,0.0,0.13,0.0,0.1,0.0,0.0,0.0,0.02,0.03,0.14,0.0
3.7051282051282053,0.025,0.0,0.0,0.0,0.11,0.0,0.08,0.0,0.0,0.0,0.01,0.0,0.12,0.0
3.7115384615384617,0.015,0.0,0.0,0.0,0.13,0.0,0.08,0.0,0.0,0.0,0.02,0.0,0.11,0.0
3.717948717948718,0.014000000000000002,0.0,0.0,0.0,0.15,0.0,0.07,0.0,0.0,0.0,0.07,0.0,0.08,0.0
3.7243589743589745,0.017,0.0,0.0,0.0,0.24,0.0,0.07,0.0,0.0,0.0,0.21,0.0,0.14,0.0
3.730769230769231,0.023000000000000003,0.0,0.0,0.02,0.24,0.0,0.12,0.0,0.0,0.0,0.44,0.0,0.14,0.0
3.7371794871794872,0.02,0.0,0.0,0.02,0.22,0.0,0.21,0.0,0.0,0.0,0.44,0.01,0.24,0.0
3.7435897435897436,0.008,0.0,0.0,0.0,0.24,0.0,0.25,0.0,0.0,0.0,0.37,0.0,0.34,0.0
3.75,0.014000000000000002,0.09,0.01,0.0,0.23,0.0,0.24,0.0,0.0,0.0,0.32,0.0,0.33,0.0
3.7564102564102564,0.006,0.1,0.0,0.0,0.18,0.0,0.14,0.0,0.0,0.0,0.31,0.0,0.31,0.0
3.7628205128205128,0.004,0.0,0.0,0.0,0.24,0.0,0.07,0.0,0.0,0.0,0.46,0.02,0.22,0.0
3.769230769230769,0.014000000000000002,0.0,0.0,0.0,0.08,0.0,0.0,0.0,0.0,0.0,0.22,0.0,0.15,0.0
3.7756410256410255,0.011000000000000001,0.0,0.0,0.0,0.07,0.0,0.0,0.0,0.0,0.0,0.04,0.0,0.13,0.0
3.782051282051282,0.021,0.0,0.0,0.0,0.05,0.0,0.0,0.0,0.0,0.0,0.0,0.0,0.09,0.0
3.7884615384615383,0.019000000000000003,0.0,0.0,0.0,0.05,0.0,0.03,0.0,0.0,0.0,0.06,0.0,0.05,0.0
3.7948717948717947,0.023000000000000003,0.0,0.0,0.0,0.03,0.0,0.07,0.0,0.0,0.0,0.11,0.0,0.0,0.0
3.801282051282051,0.028000000000000004,0.0,0.0,0.0,0.04,0.0,0.04,0.0,0.0,0.0,0.05,0.0,0.01,0.0
3.8076923076923075,0.028000000000000004,0.0,0.0,0.08,0.06,0.0,0.04,0.03,0.0,0.0,0.09,0.0,0.0,0.04
3.8141025641025643,0.027000000000000003,0.0,0.0,0.06,0.14,0.0,0.04,0.08,0.0,0.0,0.12,0.0,0.04,0.06
3.8205128205128207,0.032,0.0,0.0,0.06,0.12,0.0,0.02,0.04,0.0,0.0,0.1,0.0,0.14,0.06
3.826923076923077,0.033,0.0,0.0,0.02,0.07,0.0,0.01,0.0,0.0,0.0,0.1,0.0,0.1,0.06
3.8333333333333335,0.012,0.0,0.0,0.02,0.07,0.0,0.0,0.0,0.0,0.0,0.08,0.0,0.09,0.07
3.83974358974359,0.013000000000000001,0.0,0.0,0.0,0.03,0.0,0.01,0.0,0.0,0.0,0.07,0.07,0.07,0.07
3.8461538461538463,0.009000000000000001,0.0,0.0,0.0,0.0,0.0,0.0,0.0,0.0,0.0,0.16,0.02,0.0,0.0
3.8525641025641026,0.003,0.0,0.0,0.0,0.0,0.0,0.01,0.0,0.0,0.0,0.13,0.0,0.0,0.0
3.858974358974359,0.003,0.0,0.0,0.0,0.0,0.0,0.0,0.0,0.0,0.0,0.16,0.0,0.0,0.0
3.8653846153846154,0.002,0.0,0.0,0.0,0.0,0.0,0.0,0.0,0.0,0.0,0.17,0.0,0.0,0.0
3.871794871794872,0.0,0.0,0.0,0.0,0.0,0.0,0.05,0.0,0.0,0.0,0.17,0.0,0.0,0.0
3.878205128205128,0.007000000000000001,0.0,0.0,0.0,0.0,0.02,0.02,0.0,0.0,0.0,0.16,0.02,0.01,0.0
3.8846153846153846,0.025,0.0,0.0,0.0,0.0,0.02,0.01,0.01,0.0,0.0,0.2,0.06,0.15,0.0
3.891025641025641,0.028999999999999995,0.0,0.0,0.01,0.03,0.02,0.12,0.01,0.04,0.0,0.16,0.05,0.18,0.0
3.8974358974358974,0.03,0.0,0.01,0.06,0.09,0.0,0.1,0.0,0.07,0.0,0.25,0.05,0.23,0.0
3.9038461538461537,0.027000000000000003,0.01,0.01,0.06,0.1,0.0,0.15,0.02,0.07,0.0,0.18,0.02,0.24,0.0
3.91025641025641,0.015,0.0,0.0,0.0,0.09,0.02,0.13,0.0,0.0,0.0,0.13,0.01,0.23,0.02
3.9166666666666665,0.01,0.0,0.0,0.0,0.05,0.03,0.01,0.0,0.0,0.0,0.07,0.01,0.22,0.01
3.923076923076923,0.006,0.0,0.0,0.0,0.0,0.11,0.1,0.0,0.0,0.0,0.01,0.05,0.11,0.0
3.9294871794871793,0.0,0.0,0.0,0.0,0.0,0.12,0.11,0.0,0.0,0.0,0.01,0.0,0.03,0.0
3.9358974358974357,0.0,0.0,0.0,0.0,0.0,0.13,0.14,0.0,0.0,0.0,0.05,0.0,0.0,0.0
3.9423076923076925,0.0,0.0,0.0,0.0,0.0,0.12,0.13,0.0,0.0,0.0,0.06,0.0,0.0,0.0
3.948717948717949,0.0,0.0,0.0,0.0,0.0,0.14,0.13,0.0,0.0,0.0,0.09,0.0,0.0,0.0
3.9551282051282053,0.0,0.0,0.0,0.0,0.0,0.11,0.15,0.0,0.0,0.0,0.12,0.0,0.05,0.0
3.9615384615384617,0.002,0.0,0.0,0.02,0.0,0.04,0.14,0.0,0.0,0.0,0.12,0.03,0.27,0.0
3.967948717948718,0.01,0.0,0.0,0.02,0.04,0.08,0.13,0.0,0.0,0.0,0.05,0.05,0.28,0.0
3.9743589743589745,0.004,0.0,0.03,0.12,0.04,0.07,0.14,0.0,0.0,0.0,0.0,0.04,0.21,0.1
3.980769230769231,0.003,0.0,0.0,0.06,0.04,0.1,0.2,0.0,0.0,0.0,0.0,0.12,0.13,0.08
3.9871794871794872,0.007000000000000001,0.0,0.0,0.02,0.05,0.09,0.16,0.0,0.0,0.0,0.0,0.11,0.15,0.08
3.9935897435897436,0.0,0.0,0.0,0.0,0.08,0.0,0.04,0.0,0.0,0.0,0.0,0.12,0.17,0.04
4.0,0.0,0.0,0.0,0.0,0.09,0.0,0.04,0.0,0.0,0.0,0.0,0.12,0.13,0.0
4.006410256410256,0.0,0.0,0.0,0.0,0.14,0.01,0.03,0.0,0.0,0.0,0.0,0.14,0.09,0.0
4.012820512820513,0.0,0.0,0.0,0.0,0.18,0.0,0.0,0.0,0.0,0.0,0.0,0.18,0.07,0.0
4.019230769230769,0.0,0.0,0.0,0.0,0.19,0.0,0.0,0.0,0.0,0.0,0.0,0.15,0.0,0.0
4.0256410256410255,0.002,0.0,0.0,0.0,0.2,0.05,0.0,0.0,0.0,0.0,0.0,0.1,0.0,0.0
4.032051282051282,0.001,0.0,0.0,0.0,0.13,0.12,0.01,0.0,0.0,0.0,0.0,0.14,0.0,0.0
4.038461538461538,0.002,0.0,0.0,0.0,0.12,0.13,0.02,0.0,0.0,0.0,0.12,0.05,0.01,0.0
4.044871794871795,0.002,0.0,0.0,0.0,0.18,0.13,0.01,0.01,0.0,0.0,0.05,0.0,0.12,0.01
4.051282051282051,0.002,0.0,0.0,0.01,0.25,0.13,0.04,0.0,0.0,0.0,0.08,0.0,0.1,0.04
4.0576923076923075,0.0,0.0,0.0,0.01,0.05,0.13,0.11,0.02,0.0,0.0,0.07,0.07,0.1,0.0
4.064102564102564,0.0,0.0,0.0,0.0,0.0,0.05,0.08,0.01,0.0,0.0,0.04,0.11,0.1,0.0
4.07051282051282,0.0,0.0,0.0,0.0,0.0,0.05,0.06,0.0,0.0,0.0,0.07,0.12,0.09,0.0
4.076923076923077,0.0,0.0,0.0,0.0,0.0,0.04,0.0,0.0,0.0,0.0,0.08,0.09,0.06,0.0
4.083333333333333,0.0,0.0,0.0,0.0,0.02,0.02,0.0,0.0,0.0,0.0,0.11,0.12,0.03,0.0
4.089743589743589,0.0,0.0,0.0,0.0,0.0,0.0,0.0,0.0,0.0,0.0,0.06,0.02,0.0,0.0
4.096153846153846,0.0,0.0,0.0,0.0,0.02,0.0,0.0,0.0,0.0,0.0,0.04,0.03,0.0,0.0
4.102564102564102,0.0,0.0,0.0,0.0,0.04,0.0,0.0,0.0,0.0,0.0,0.03,0.0,0.0,0.0
4.108974358974359,0.001,0.0,0.0,0.0,0.12,0.01,0.0,0.0,0.0,0.0,0.07,0.05,0.0,0.0
4.115384615384615,0.0,0.0,0.0,0.03,0.13,0.13,0.0,0.0,0.0,0.0,0.08,0.05,0.0,0.0
4.121794871794871,0.001,0.0,0.0,0.03,0.13,0.04,0.04,0.02,0.0,0.0,0.18,0.08,0.06,0.0
4.128205128205129,0.001,0.0,0.0,0.0,0.28,0.03,0.05,0.03,0.05,0.0,0.41,0.11,0.08,0.0
4.134615384615385,0.004,0.03,0.03,0.0,0.61,0.12,0.05,0.01,0.05,0.0,0.35,0.18,0.06,0.03
4.141025641025641,0.001,0.0,0.0,0.0,0.43,0.08,0.07,0.01,0.0,0.0,0.26,0.14,0.05,0.02
4.147435897435898,0.0,0.0,0.0,0.0,0.28,0.03,0.01,0.0,0.0,0.0,0.02,0.12,0.08,0.0
4.153846153846154,0.0,0.0,0.0,0.0,0.14,0.04,0.0,0.0,0.0,0.0,0.0,0.03,0.07,0.0
4.160256410256411,0.001,0.0,0.0,0.0,0.15,0.01,0.0,0.0,0.0,0.0,0.0,0.02,0.05,0.0
4.166666666666667,0.0,0.0,0.0,0.0,0.13,0.04,0.0,0.0,0.0,0.0,0.0,0.16,0.0,0.0
4.173076923076923,0.0,0.0,0.0,0.0,0.27,0.05,0.0,0.0,0.0,0.0,0.06,0.0,0.0,0.0
4.17948717948718,0.014000000000000002,0.0,0.0,0.0,0.28,0.07,0.0,0.0,0.0,0.0,0.08,0.0,0.0,0.0
4.185897435897436,0.015,0.0,0.0,0.0,0.3,0.09,0.0,0.0,0.0,0.0,0.17,0.14,0.0,0.0
4.1923076923076925,0.013000000000000001,0.0,0.0,0.05,0.38,0.08,0.02,0.0,0.0,0.0,0.21,0.21,0.0,0.0
4.198717948717949,0.02,0.0,0.02,0.16,0.38,0.15,0.03,0.0,0.0,0.0,0.31,0.3,0.16,0.07
4.205128205128205,0.026000000000000002,0.0,0.0,0.08,0.42,0.19,0.06,0.0,0.0,0.0,0.37,0.34,0.2,0.12
4.211538461538462,0.03,0.01,0.0,0.06,0.42,0.18,0.1,0.0,0.0,0.0,0.33,0.36,0.23,0.12
4.217948717948718,0.018000000000000002,0.0,0.0,0.0,0.31,0.18,0.07,0.0,0.0,0.0,0.29,0.25,0.17,0.06
4.2243589743589745,0.021,0.0,0.0,0.0,0.2,0.05,0.08,0.0,0.0,0.0,0.25,0.24,0.06,0.0
4.230769230769231,0.012,0.0,0.0,0.0,0.17,0.02,0.0,0.0,0.0,0.0,0.19,0.26,0.09,0.0
4.237179487179487,0.006,0.0,0.0,0.0,0.08,0.06,0.0,0.0,0.0,0.0,0.16,0.2,0.08,0.0
4.243589743589744,0.0,0.0,0.0,0.0,0.05,0.05,0.0,0.0,0.0,0.0,0.16,0.25,0.08,0.0
4.25,0.005,0.0,0.0,0.0,0.03,0.13,0.0,0.0,0.0,0.0,0.05,0.24,0.03,0.0
4.256410256410256,0.003,0.0,0.0,0.0,0.0,0.13,0.0,0.0,0.0,0.0,0.0,0.24,0.05,0.0
4.262820512820513,0.003,0.0,0.0,0.0,0.0,0.16,0.0,0.0,0.0,0.0,0.05,0.36,0.11,0.0
4.269230769230769,0.003,0.0,0.0,0.0,0.0,0.21,0.0,0.01,0.0,0.0,0.06,0.35,0.11,0.0
4.2756410256410255,0.015,0.0,0.0,0.01,0.0,0.28,0.0,0.07,0.06,0.0,0.06,0.39,0.16,0.06
4.282051282051282,0.017,0.0,0.01,0.08,0.0,0.28,0.03,0.03,0.05,0.0,0.07,0.41,0.15,0.08
4.288461538461538,0.018000000000000002,0.0,0.0,0.06,0.09,0.21,0.05,0.03,0.05,0.0,0.08,0.43,0.15,0.12
4.294871794871795,0.014000000000000002,0.0,0.0,0.01,0.03,0.09,0.02,0.0,0.05,0.0,0.08,0.3,0.2,0.11
4.301282051282051,0.016,0.0,0.0,0.0,0.03,0.04,0.03,0.0,0.0,0.0,0.06,0.17,0.17,0.0
4.3076923076923075,0.011000000000000001,0.0,0.0,0.0,0.0,0.0,0.0,0.0,0.0,0.0,0.02,0.19,0.11,0.0
4.314102564102564,0.006,0.0,0.0,0.0,0.0,0.01,0.0,0.0,0.0,0.0,0.02,0.04,0.03,0.0
4.32051282051282,0.004,0.0,0.0,0.0,0.0,0.01,0.0,0.0,0.0,0.0,0.0,0.03,0.03,0.0
4.326923076923077,0.006,0.0,0.0,0.0,0.0,0.0,0.0,0.0,0.0,0.0,0.0,0.0,0.0,0.0
4.333333333333333,0.009000000000000001,0.0,0.0,0.0,0.0,0.12,0.0,0.0,0.0,0.0,0.01,0.0,0.0,0.0
4.339743589743589,0.0,0.0,0.0,0.0,0.0,0.19,0.0,0.0,0.0,0.0,0.06,0.03,0.01,0.0
4.346153846153846,0.007000000000000001,0.0,0.0,0.0,0.0,0.35,0.0,0.01,0.0,0.0,0.06,0.07,0.01,0.0
4.352564102564102,0.009000000000000001,0.0,0.0,0.06,0.0,0.3,0.04,0.03,0.01,0.0,0.13,0.08,0.0,0.0
4.358974358974359,0.008,0.0,0.0,0.06,0.03,0.35,0.09,0.04,0.01,0.0,0.08,0.06,0.0,0.03
4.365384615384615,0.002,0.0,0.0,0.1,0.02,0.43,0.15,0.0,0.03,0.0,0.06,0.06,0.0,0.03
4.371794871794871,0.0,0.0,0.0,0.05,0.0,0.41,0.15,0.0,0.02,0.0,0.09,0.07,0.01,0.0
4.378205128205129,0.0,0.0,0.0,0.0,0.0,0.12,0.12,0.0,0.0,0.0,0.0,0.03,0.02,0.0
4.384615384615385,0.0,0.0,0.0,0.0,0.0,0.09,0.04,0.0,0.0,0.0,0.0,0.02,0.03,0.0
4.391025641025641,0.002,0.0,0.0,0.0,0.0,0.11,0.0,0.0,0.0,0.0,0.0,0.01,0.0,0.0
4.397435897435898,0.0,0.0,0.0,0.0,0.0,0.09,0.0,0.0,0.0,0.0,0.0,0.06,0.0,0.0
4.403846153846154,0.0,0.0,0.0,0.0,0.0,0.09,0.0,0.0,0.0,0.0,0.0,0.12,0.0,0.0
4.410256410256411,0.008,0.0,0.0,0.0,0.0,0.12,0.0,0.0,0.0,0.0,0.0,0.18,0.0,0.0
4.416666666666667,0.0,0.0,0.0,0.0,0.0,0.11,0.0,0.0,0.0,0.0,0.0,0.22,0.0,0.0
4.423076923076923,0.006,0.0,0.01,0.0,0.0,0.03,0.0,0.0,0.0,0.0,0.08,0.34,0.0,0.0
4.42948717948718,0.005,0.0,0.0,0.04,0.05,0.05,0.01,0.0,0.02,0.0,0.22,0.31,0.02,0.04
4.435897435897436,0.006,0.0,0.01,0.04,0.21,0.04,0.04,0.04,0.02,0.0,0.21,0.35,0.02,0.04
4.4423076923076925,0.009000000000000001,0.0,0.01,0.09,0.26,0.0,0.01,0.06,0.0,0.0,0.13,0.3,0.02,0.07
4.448717948717949,0.008,0.0,0.0,0.07,0.07,0.07,0.01,0.0,0.0,0.0,0.05,0.16,0.0,0.0
4.455128205128205,0.005,0.0,0.0,0.0,0.06,0.03,0.0,0.0,0.0,0.0,0.0,0.12,0.01,0.0
4.461538461538462,0.0,0.0,0.0,0.0,0.02,0.06,0.0,0.0,0.0,0.0,0.0,0.1,0.01,0.0
4.467948717948718,0.0,0.0,0.0,0.0,0.02,0.15,0.0,0.0,0.0,0.0,0.0,0.08,0.0,0.0
4.4743589743589745,0.002,0.0,0.0,0.0,0.0,0.16,0.0,0.0,0.0,0.0,0.0,0.04,0.0,0.0
4.480769230769231,0.002,0.0,0.0,0.0,0.0,0.15,0.0,0.0,0.0,0.0,0.0,0.05,0.0,0.0
4.487179487179487,0.003,0.0,0.0,0.0,0.0,0.09,0.0,0.0,0.0,0.0,0.02,0.15,0.0,0.0
4.493589743589744,0.006,0.0,0.0,0.0,0.0,0.13,0.0,0.0,0.0,0.0,0.0,0.25,0.0,0.0
4.5,0.008,0.0,0.0,0.0,0.0,0.12,0.0,0.02,0.0,0.0,0.01,0.39,0.01,0.01
4.506410256410256,0.008,0.0,0.02,0.05,0.0,0.06,0.0,0.06,0.0,0.0,0.01,0.42,0.04,0.0
4.512820512820513,0.009000000000000001,0.0,0.0,0.17,0.02,0.05,0.02,0.05,0.01,0.0,0.0,0.43,0.04,0.01
4.519230769230769,0.004,0.0,0.0,0.21,0.05,0.05,0.04,0.05,0.0,0.01,0.01,0.42,0.02,0.02
4.5256410256410255,0.0,0.0,0.0,0.0,0.07,0.05,0.02,0.02,0.0,0.0,0.02,0.36,0.0,0.02
4.532051282051282,0.0,0.0,0.0,0.0,0.07,0.0,0.02,0.0,0.0,0.0,0.0,0.31,0.0,0.02
4.538461538461538,0.0,0.0,0.0,0.0,0.02,0.03,0.0,0.0,0.0,0.0,0.0,0.26,0.0,0.0
4.544871794871795,0.0,0.0,0.0,0.0,0.0,0.03,0.0,0.0,0.0,0.0,0.0,0.21,0.0,0.0
4.551282051282051,0.0,0.0,0.0,0.0,0.0,0.03,0.0,0.0,0.0,0.0,0.0,0.23,0.0,0.0
4.5576923076923075,0.0,0.0,0.0,0.0,0.0,0.1,0.0,0.0,0.0,0.0,0.0,0.19,0.0,0.0
4.564102564102564,0.0,0.0,0.0,0.0,0.14,0.08,0.0,0.0,0.0,0.0,0.0,0.16,0.02,0.0
4.57051282051282,0.0,0.0,0.0,0.0,0.15,0.0,0.0,0.0,0.0,0.0,0.0,0.19,0.0,0.0
4.576923076923077,0.0,0.0,0.0,0.0,0.15,0.0,0.0,0.03,0.0,0.0,0.0,0.22,0.0,0.01
4.583333333333333,0.004,0.0,0.0,0.0,0.17,0.0,0.0,0.04,0.0,0.0,0.03,0.26,0.0,0.05
4.589743589743589,0.0,0.05,0.0,0.0,0.16,0.0,0.0,0.05,0.01,0.0,0.03,0.2,0.06,0.02
4.596153846153846,0.006,0.0,0.0,0.0,0.09,0.02,0.0,0.04,0.0,0.0,0.02,0.16,0.06,0.02
4.602564102564102,0.008,0.0,0.0,0.0,0.08,0.01,0.0,0.0,0.0,0.0,0.03,0.11,0.15,0.0
4.608974358974359,0.0,0.0,0.0,0.0,0.03,0.0,0.0,0.0,0.0,0.0,0.0,0.12,0.02,0.0
4.615384615384615,0.0,0.0,0.0,0.0,0.04,0.1,0.0,0.0,0.0,0.0,0.0,0.17,0.0,0.0
4.621794871794871,0.0,0.0,0.0,0.0,0.07,0.0,0.0,0.0,0.0,0.0,0.0,0.09,0.0,0.0
4.628205128205129,0.0,0.0,0.0,0.0,0.0,0.0,0.0,0.0,0.0,0.0,0.0,0.16,0.0,0.0
4.634615384615385,0.0,0.0,0.0,0.0,0.06,0.0,0.0,0.0,0.0,0.0,0.0,0.18,0.0,0.0
4.641025641025641,0.0,0.0,0.0,0.0,0.06,0.0,0.0,0.0,0.0,0.0,0.0,0.28,0.0,0.0
4.647435897435898,0.0,0.0,0.0,0.0,0.0,0.0,0.0,0.0,0.0,0.0,0.0,0.24,0.0,0.0
4.653846153846154,0.001,0.0,0.0,0.0,0.06,0.0,0.0,0.0,0.0,0.0,0.0,0.26,0.01,0.0
4.660256410256411,0.003,0.0,0.0,0.0,0.07,0.0,0.0,0.0,0.0,0.0,0.04,0.29,0.03,0.0
4.666666666666667,0.009000000000000001,0.0,0.0,0.0,0.07,0.0,0.0,0.0,0.0,0.0,0.09,0.31,0.03,0.0
4.673076923076923,0.011000000000000001,0.0,0.0,0.03,0.07,0.0,0.09,0.0,0.02,0.0,0.09,0.34,0.06,0.0
4.67948717948718,0.013000000000000001,0.0,0.0,0.0,0.13,0.0,0.01,0.0,0.0,0.0,0.06,0.55,0.06,0.0
4.685897435897436,0.012,0.0,0.0,0.05,0.11,0.02,0.01,0.0,0.0,0.0,0.06,0.32,0.0,0.0
4.6923076923076925,0.011000000000000001,0.0,0.0,0.0,0.08,0.0,0.0,0.0,0.0,0.0,0.0,0.45,0.0,0.0
4.698717948717949,0.003,0.0,0.0,0.0,0.11,0.01,0.0,0.0,0.0,0.0,0.0,0.41,0.0,0.0
4.705128205128205,0.004,0.0,0.0,0.0,0.03,0.03,0.0,0.0,0.0,0.0,0.0,0.21,0.0,0.0
4.711538461538462,0.005,0.0,0.0,0.0,0.03,0.09,0.0,0.0,0.0,0.0,0.0,0.08,0.0,0.0
4.717948717948718,0.003,0.0,0.0,0.0,0.03,0.2,0.0,0.0,0.0,0.0,0.0,0.18,0.0,0.0
4.7243589743589745,0.005,0.0,0.0,0.0,0.09,0.18,0.0,0.0,0.0,0.0,0.0,0.27,0.0,0.0
4.730769230769231,0.007000000000000001,0.0,0.0,0.02,0.09,0.09,0.0,0.07,0.0,0.0,0.03,0.25,0.0,0.0
4.737179487179487,0.011000000000000001,0.0,0.0,0.14,0.06,0.16,0.01,0.05,0.0,0.0,0.09,0.36,0.01,0.0
4.743589743589744,0.013000000000000001,0.03,0.0,0.1,0.09,0.2,0.12,0.05,0.0,0.0,0.07,0.34,0.02,0.06
4.75,0.008,0.01,0.0,0.09,0.06,0.13,0.09,0.0,0.0,0.0,0.01,0.5,0.07,0.06
4.756410256410256,0.0,0.0,0.0,0.01,0.06,0.13,0.08,0.0,0.0,0.0,0.01,0.43,0.1,0.1
4.762820512820513,0.0,0.0,0.0,0.0,0.02,0.09,0.05,0.0,0.0,0.0,0.0,0.31,0.09,0.0
4.769230769230769,0.0,0.0,0.0,0.0,0.0,0.03,0.0,0.0,0.0,0.0,0.0,0.23,0.02,0.0
4.7756410256410255,0.0,0.0,0.0,0.0,0.0,0.02,0.0,0.0,0.0,0.0,0.0,0.05,0.0,0.0
4.782051282051282,0.0,0.0,0.0,0.0,0.0,0.03,0.0,0.0,0.0,0.0,0.0,0.07,0.0,0.0
4.788461538461538,0.0,0.0,0.0,0.0,0.0,0.3,0.0,0.0,0.0,0.0,0.0,0.06,0.0,0.0
4.794871794871795,0.0,0.0,0.0,0.0,0.01,0.4,0.0,0.0,0.0,0.0,0.03,0.05,0.0,0.0
4.801282051282051,0.013000000000000001,0.0,0.0,0.06,0.04,0.19,0.0,0.0,0.0,0.0,0.16,0.06,0.0,0.0
4.8076923076923075,0.009000000000000001,0.0,0.0,0.05,0.03,0.24,0.0,0.01,0.0,0.0,0.13,0.11,0.01,0.03
4.814102564102564,0.013000000000000001,0.03,0.0,0.08,0.13,0.24,0.06,0.07,0.0,0.0,0.13,0.12,0.08,0.02
4.82051282051282,0.012,0.03,0.01,0.08,0.07,0.21,0.08,0.02,0.0,0.0,0.17,0.04,0.11,0.04
4.826923076923077,0.011000000000000001,0.04,0.04,0.06,0.11,0.18,0.08,0.08,0.0,0.0,0.15,0.04,0.14,0.03
4.833333333333333,0.011000000000000001,0.01,0.04,0.03,0.04,0.27,0.07,0.08,0.0,0.02,0.19,0.02,0.27,0.0
4.839743589743589,0.008,0.0,0.0,0.02,0.06,0.26,0.04,0.0,0.0,0.0,0.13,0.07,0.06,0.0
4.846153846153846,0.004,0.0,0.0,0.0,0.0,0.22,0.0,0.0,0.0,0.0,0.07,0.0,0.0,0.0
4.852564102564102,0.0,0.0,0.0,0.0,0.0,0.26,0.0,0.0,0.0,0.0,0.0,0.06,0.0,0.0
4.858974358974359,0.0,0.0,0.0,0.0,0.0,0.26,0.0,0.0,0.0,0.0,0.0,0.02,0.0,0.0
4.865384615384615,0.0,0.0,0.0,0.0,0.0,0.09,0.0,0.0,0.0,0.0,0.0,0.18,0.0,0.01
4.871794871794871,0.001,0.0,0.0,0.0,0.01,0.04,0.0,0.0,0.0,0.0,0.0,0.08,0.0,0.06
4.878205128205129,0.025,0.02,0.0,0.07,0.0,0.12,0.0,0.03,0.0,0.0,0.0,0.14,0.0,0.08
4.884615384615385,0.014000000000000002,0.02,0.0,0.07,0.0,0.13,0.0,0.04,0.0,0.03,0.03,0.19,0.18,0.0
4.891025641025641,0.008,0.03,0.01,0.12,0.0,0.14,0.0,0.08,0.06,0.07,0.03,0.23,0.25,0.04
4.897435897435898,0.02,0.01,0.08,0.22,0.0,0.14,0.03,0.08,0.06,0.14,0.02,0.03,0.41,0.11
4.903846153846154,0.015,0.0,0.01,0.11,0.0,0.27,0.0,0.03,0.04,0.08,0.0,0.03,0.29,0.14
4.910256410256411,0.006,0.0,0.03,0.1,0.0,0.27,0.02,0.05,0.03,0.0,0.0,0.08,0.25,0.06
4.916666666666667,0.0,0.0,0.0,0.04,0.0,0.22,0.0,0.05,0.0,0.0,0.0,0.09,0.05,0.03
4.923076923076923,0.0,0.0,0.0,0.0,0.0,0.05,0.0,0.0,0.0,0.0,0.0,0.12,0.0,0.0
4.92948717948718,0.0,0.0,0.0,0.0,0.0,0.11,0.0,0.0,0.0,0.0,0.0,0.09,0.0,0.0
4.935897435897436,0.0,0.0,0.0,0.0,0.0,0.23,0.0,0.0,0.0,0.0,0.0,0.05,0.0,0.0
4.9423076923076925,0.0,0.0,0.0,0.0,0.0,0.29,0.0,0.0,0.0,0.0,0.0,0.02,0.0,0.0
4.948717948717949,0.003,0.0,0.0,0.0,0.0,0.44,0.0,0.0,0.0,0.0,0.0,0.02,0.0,0.0
4.955128205128205,0.003,0.0,0.0,0.0,0.0,0.23,0.0,0.0,0.0,0.0,0.0,0.02,0.0,0.0
4.961538461538462,0.0,0.0,0.0,0.0,0.04,0.08,0.0,0.04,0.0,0.0,0.0,0.03,0.0,0.0
4.967948717948718,0.003,0.0,0.0,0.0,0.05,0.17,0.0,0.08,0.02,0.0,0.01,0.01,0.0,0.05
4.9743589743589745,0.009000000000000001,0.0,0.0,0.0,0.14,0.16,0.07,0.09,0.06,0.0,0.09,0.01,0.0,0.05
4.980769230769231,0.028999999999999995,0.0,0.01,0.11,0.15,0.21,0.05,0.14,0.15,0.04,0.12,0.03,0.2,0.08
4.987179487179487,0.040999999999999995,0.0,0.12,0.07,0.15,0.13,0.05,0.19,0.16,0.04,0.12,0.01,0.31,0.12
4.993589743589744,0.019000000000000003,0.0,0.0,0.03,0.02,0.0,0.0,0.12,0.06,0.04,0.08,0.0,0.3,0.17
5.0,0.009000000000000001,0.0,0.0,0.0,0.01,0.0,0.0,0.09,0.12,0.0,0.01,0.0,0.16,0.3
5.006410256410256,0.001,0.0,0.22,0.0,0.0,0.0,0.0,0.01,0.07,0.0,0.0,0.0,0.0,0.01
